Time,3H,3V,4H,4V,Section
0.00191406997683585,-0.132273064191617,-0.0147741509760956,0.259594465851272,-0.148865534552684,1
0.00386720260626018,-0.0117613061876247,0.197738575996016,-0.158609892465753,0.0480030201988072,1
0.00582033523568451,0.182305378762475,-0.165479009252988,0.00171512818003914,-0.0512268451789264,1
0.00777346786510885,-0.132803684311377,-0.294162955458167,0.0541625287671233,0.204958564652087,1
0.00972660049453318,-0.0740939225548902,0.256566216513944,0.32182120851272,-0.195222200347913,1
0.0116797331239575,0.0558714122954092,0.0905899649701195,-0.245721354598826,0.0457195004373757,1
0.0136328657533818,0.19719323752495,0.0181722411752988,0.00306606418786693,-0.111339288260437,1
0.0155859983828062,-0.0248987284630738,-0.2949338087749,-0.0709664245596869,0.367039882186879,1
0.0175391310122305,-0.109791848542914,0.105563942390438,0.186584145499022,-0.155873996799205,1
0.0194922636416549,-0.000843949700598798,0.0643688127788845,-0.198588034148728,0.0312410134393638,1
0.0214453962710792,0.0994920455888223,0.0851757826195219,-0.0872314549902153,-0.144480690755467,1
0.0233985289005035,-0.0660065400399202,-0.156805392011952,0.113227124755382,0.260364284821074,1
0.0253516615299279,-0.14485547001996,-0.232518968964143,0.051305239334638,-0.0257923218787276,1
0.0273047941593522,0.00990873157684631,-0.0368254116035857,0.0139153954011742,0.267700699373757,1
0.0292579267887765,0.0454175860279441,0.040690869561753,-0.156326451956947,-0.0988831738170974,1
0.0312110594182009,-0.0118161979241517,-0.10377432564741,0.174007289921722,0.03846811055666,1
0.0331641920476252,-0.137981804790419,-0.132162364721116,-0.0212448063600783,0.104198255178926,1
0.0351173246770495,0.0819815816367265,-0.0530011918326693,0.0547244225048924,-0.00311502722664016,1
0.0370704573064739,0.0255894709780439,0.212366579880478,-0.222474495596869,-0.116361817097415,1
0.0390235899358982,0.0639709929740519,0.0637921902191235,0.138034135518591,-0.181891546421471,1
0.0409767225653225,-0.180230144670659,0.0459715182669323,0.113274945499022,-0.228290724552684,1
0.0429298551947469,-0.0310953956087824,-0.134456715537849,-0.0426565443248532,0.471492691699801,1
0.0448829878241712,0.200986866427146,-0.205751542768924,-0.112002600195695,-0.0705335189065606,1
0.0468361204535955,0.103889483592814,0.179450536284861,-0.0330804404109589,0.00199859947316103,1
0.0487892530830199,-0.118861183233533,0.117861177191235,0.32781075665362,-0.307041790367793,1
0.0507423857124442,-0.0435619188822355,-0.168902326344622,-0.09045935518591,0.135845652723658,1
0.0526955183418685,0.167216250299401,-0.0870279925697211,-0.129433261252446,0.394193118499006,1
0.0546486509712929,0.0739429917764471,0.0351370838545817,-0.0442764720156556,-0.269199738151093,1
0.0566017836007172,-0.156565707145709,0.259079076932271,0.298646080626223,-0.236756752604374,1
0.0585549162301415,-0.177912493572854,0.0911544481075697,0.00609670381604697,-0.0133908661530815,1
0.0605080488595659,0.0841101611976048,-0.0733347242031873,-0.0756528574363992,0.106979776590457,1
0.0624611814889902,0.0782367453892216,-0.044224389501992,0.015876045890411,0.13693275388668,1
0.0644143141184145,-0.12220348007984,-0.0502151944123506,0.170540286007828,0.0490354626441352,1
0.0663674467478389,-0.126777791457086,-0.0118606896215139,-0.0634765005870842,-0.0549254184095427,1
0.0683205793772632,0.061195910738523,0.300711225747012,-0.00337180342465754,-0.175666525795229,1
0.0702737120066875,-0.0253500605189621,-0.00370906753984064,-0.0746605770058709,0.0675040360337972,1
0.0722268446361119,-0.15774282994012,-0.0816441587749004,0.157359693542074,-0.139190941520875,1
0.0741799772655362,-0.0310466029540918,0.112884014043825,0.0803204755381605,0.242132565874751,1
0.0761331098949605,0.0504127340518962,-0.178164705567729,-0.0741644367906067,-0.172162294671968,1
0.0780862425243849,0.155768273692615,0.132610575298805,-0.0419631435420744,0.00108762084493042,1
0.0800393751538092,0.0622571509780439,0.128149337599602,0.0894064168297456,-0.121463297415507,1
0.0819925077832335,-0.0784059734131737,-0.136732857221116,0.134650817906067,-0.0621707350994036,1
0.0839456404126579,-0.0138227958483034,-0.0964967419721116,-0.141513976614481,0.282743993121272,1
0.0858987730420822,0.248486515768463,-0.132520477679283,-0.07519856037182,0.0244754788270378,1
0.0878519056715065,-0.0879449374051896,-0.0563941603685259,0.0742831066536204,-0.0167554138866799,1
0.0898050383009309,-0.23526216007984,-0.00302925989043825,0.395805876516634,-0.310971144850895,1
0.0917581709303552,0.00629197604790419,-0.105825888017928,-0.222558181898239,0.0981493570874751,1
0.0937113035597795,0.160244999760479,-0.016176254252988,-0.0919298430528376,0.191190640984095,1
0.0956644361892039,-0.0147681535329341,-0.323133686802789,-0.0235461796477495,0.311652381590457,1
0.0976175688186282,-0.152601303952096,0.0201995247011952,0.213901745303327,-0.100188909850895,1
0.0995707014480525,0.0230644510978044,0.00785373221115538,-0.106670587279843,0.127130623846918,1
0.101523834077477,0.104584778922156,0.0927872004083665,-0.0997963553816047,-0.113950760328032,1
0.103476966706901,0.0563776360878244,-0.0076422403685259,0.0655259329745597,0.151241191540755,1
0.105430099336326,-0.0976851710978044,-0.155281894511952,-0.0557594280821918,0.119271914880716,1
0.10738323196575,0.0269922598003992,-0.149266810756972,-0.0504812135029354,-0.30505585695825,1
0.109336364595174,0.107420851976048,0.37067678623506,-0.334022357729941,0.0650018814015905,1
0.111289497224599,-0.0448244288223553,0.0317198364741036,0.0472165657534247,-0.154294967176938,1
0.113242629854023,-0.119849234491018,0.0492734411354582,0.0366960021526419,-0.0412485926043738,1
0.115195762483447,-0.00669906826347305,0.0625054114541833,0.0542940358121331,-0.0941825240954274,1
0.117148895112872,-0.0670433839520958,0.136610514950199,-0.0692807433463797,0.000115910308151092,1
0.119102027742296,0.0816644293812375,0.0275863631772908,0.151603271526419,-0.0860869606858847,1
0.12105516037172,-0.133834429141717,0.111275540587649,0.242211625538161,-0.0448864339264414,1
0.123008293001145,-0.0862981853093812,-0.228288380288845,-0.0454361250489237,0.11486277832008,1
0.124961425630569,0.0332621159281437,0.053904630747012,-0.0571880727984345,-0.192088433866799,1
0.126914558259993,0.0249917609580838,0.0141419529681275,-0.00877554745596869,0.185220694373757,1
0.128867690889418,0.0982539319760479,-0.0464155552290837,0.161956462524462,-0.353368090208747,1
0.130820823518842,0.0756995273453094,-0.0447342452390438,0.0156130318003914,0.196413585119284,1
0.132773956148266,0.00910975185628743,-0.067028294312749,-0.168706046966732,-0.00712940638170974,1
0.134727088777691,0.123424842714571,-0.152247038934263,0.00343069735812133,0.00247230835984095,1
0.136680221407115,-0.0214466481437126,0.129970250946215,0.170928829549902,-0.100346812813121,1
0.138633354036539,-0.0500696392015968,-0.191384536464143,-0.0460876826810176,0.23328999999006,1
0.140586486665964,0.0271203405189621,-0.0988760687450199,-0.155710759882583,-0.075543901361829,1
0.142539619295388,0.0618912060678643,-0.0471499902788845,-0.00640842064579257,0.234085587992048,1
0.144492751924812,0.0740954688223553,-0.00985768494023904,0.20272962407045,-0.0527815820377734,1
0.146445884554237,-0.148642999840319,0.022809500498008,-0.00414889050880626,-0.0564254965506958,1
0.148399017183661,-0.0943550724151696,0.216378658954183,-0.0470201871819961,-0.0995815907654075,1
0.150352149813085,0.0535903556886227,0.0202662915239044,-0.113239961937378,-0.0523017999602386,1
0.15230528244251,-0.015249980998004,0.0586086568924303,0.22128407260274,-0.256518915646123,1
0.154258415071934,-0.0269419208782435,-0.0480907955079681,-0.00319845322896282,0.192338474055666,1
0.156211547701358,-0.00364952734530938,-0.10600797935259,-0.0564408736790607,-0.109177232316103,1
0.158164680330783,0.0358481266267465,-0.0571528742629482,-0.0571402520547945,0.0985501876838966,1
0.160117812960207,0.117661210379242,0.0552096186454183,0.0368992403131116,-0.00324256423459245,1
0.162070945589631,-0.0222883214371257,-0.0675078014940239,0.0893645736790607,-0.121511882942346,1
0.164024078219056,-0.00908380926147704,0.0690971177689243,-0.0860239812133072,0.132201738210736,1
0.16597721084848,0.103041711217565,-0.199105209053785,0.0226247483365949,0.0215664204075547,1
0.167930343477904,0.0342806625948104,0.0135107030079681,0.0590103566536204,0.0208254911232604,1
0.169883476107329,0.0554139811576846,0.0557437532270916,0.179106176712329,0.0414682668389662,1
0.171836608736753,0.0153552116566866,-0.0885454203585657,-0.196770845890411,-0.0297520423161034,1
0.173789741366177,0.0469911491417166,-0.123391632101594,-0.13334260704501,-0.0353211583300199,1
0.175742873995602,0.0295538741716567,0.0374010861155379,0.0494940286692759,0.0894525477833002,1
0.177696006625026,-0.0137069132934132,-0.0585671169621514,0.107578299412916,-0.159596862793241,1
0.17964913925445,0.0226192181237525,0.336771379721116,-0.0407496921722114,-0.0666709695228628,1
0.181602271883875,0.0484549287824351,0.217550113207171,-0.0413235410958904,-0.252322340765408,1
0.183555404513299,-0.0055951344510978,0.0911605178187251,0.0578267932485323,0.0569063179920477,1
0.185508537142723,-0.100045515768463,0.149806067001992,0.0817252098825832,-0.152418351202783,1
0.187461669772148,-0.0466968469461078,0.156276379093625,-0.0646899519569472,-0.0250513925944334,1
0.189414802401572,-0.0293510582035928,0.0131647294721116,-0.120419051076321,-0.16878560055666,1
0.191367935030996,-0.0801747071457086,0.118364963217131,0.107004450489237,0.108904978091451,1
0.193321067660421,-0.00638801508982036,0.0374010861155379,0.139098147064579,-0.041612984055666,1
0.195274200289845,0.0152515272654691,0.211061591982072,0.00305410900195695,-0.201890563906561,1
0.197227332919269,-0.0158781864271457,0.0628999426792829,-0.226874004011742,-0.0293815776739563,1
0.199180465548694,-0.069861159760479,-0.0588584630976096,0.164329566927593,-0.124627429850895,1
0.201133598178118,0.0150197621556886,0.237768321065737,0.00352633884540117,0.139532079572565,1
0.203086730807542,0.0403614471856287,0.00941364797808765,0.00122496555772994,-0.196813376351889,1
0.205039863436967,0.0303650520558882,-0.0293960851494024,-0.153451229745597,0.0187545330417495,1
0.206992996066391,0.00260813061876248,-0.00370906753984064,0.107392994031311,-0.00545320570576541,1
0.208946128695815,0.0618424134131736,-0.248731167460159,0.157700416340509,0.346822229831014,1
0.21089926132524,0.137495424510978,-0.20198832185259,-0.0723831140900196,0.0783143157554672,1
0.212852393954664,-0.0146156764870259,-0.114305274501992,-0.205390534931507,0.229803988439364,1
0.214805526584088,-0.0843098846307385,0.0280294520916335,0.120818667808219,-0.2094213205666,1
0.216758659213513,0.00102846842315369,0.0344512064940239,0.135188801272016,-0.0246505619980119,1
0.218711791842937,0.11223302754491,0.00470962183266932,-0.121512950587084,-0.00559896228628231,1
0.220664924472361,0.0721132672255489,-0.179669993934263,-0.021394246183953,0.169472910487078,1
0.222618057101786,-0.058010643752495,-0.0367222265139442,-0.146319961350294,0.270233219960239,1
0.22457118973121,0.0209602678642715,-0.0750645918824701,0.198001348043053,-0.0758900732405566,1
0.226524322360634,0.0484610278642715,-0.0650010107868526,0.0337370936399217,0.0196351457157058,1
0.228477454990059,-0.0511186812774451,0.0849087153286853,-0.0921569915851272,0.0387899896719682,1
0.230430587619483,-0.18271857005988,-0.0766305773605578,-0.10562450851272,0.135608798280318,1
0.232383720248907,-0.0446597536127745,0.100841707111554,0.165554973483366,-0.150827175198807,1
0.234336852878332,0.00464522395209581,0.0205879862151394,0.0450706098825832,0.0126874153777336,1
0.236289985507756,0.0648980534131736,-0.060485145687251,-0.0941893731898239,-0.0999884945526839,1
0.23824311813718,-0.0379751599201597,-0.230515964282869,-0.0812120188845401,0.313371094602386,1
0.240196250766605,-0.00235042291417165,-0.0321942219920319,0.142929784148728,-0.116999502137177,1
0.242149383396029,0.118899323992016,0.0354709179681275,0.0371263888454012,0.221259008906561,1
0.244102516025453,0.113587023712575,-0.0484306993326693,-0.123383937181996,-0.157538051093439,1
0.246055648654878,0.0548040729740519,-0.114535923525896,-0.0505888101761253,0.167189390725646,1
0.248008781284302,0.00295577828343314,-0.0984329798306773,0.241745373287671,0.0460778186978131,1
0.249961913913726,0.216051598562874,-0.00139650758964143,-0.0498954093933464,0.0281011737673956,1
0.251915046543151,0.00849984367265469,0.39200575123506,-0.183016404500979,-0.164971636699801,1
0.253868179172575,-0.0300890471057884,0.193295547430279,0.0368872851272016,-0.354825656013916,1
0.255821311801999,-0.0680192370459082,0.0583597987350598,0.126066994422701,-0.0977353407455268,1
0.257774444431424,0.0561702673053892,-0.007162733187251,0.103274432485323,0.0654877366699801,1
0.259727577060848,0.0218263374850299,0.0139355827888446,-0.208492905675147,0.142252869075547,1
0.261680709690272,-0.11106045756487,0.149872833824701,0.0395951347358121,0.00885523194831014,1
0.263633842319697,-0.066152918003992,0.108410636922311,0.0834049135029354,-0.0687844399403578,1
0.265586974949121,0.0195513799600798,-0.0921993864741036,0.0354466852250489,0.0332937519483101,1
0.267540107578545,-0.00052069836327345,0.0780863599900398,-0.166864948336595,0.11693373640159,1
0.26949324020797,0.00147980047904192,0.00283408108565737,-0.0871298359099804,-0.061399439860835,1
0.271446372837394,-0.106906982834331,-0.0100640551195219,0.168519859589041,-0.0122248135089463,1
0.273399505466818,-0.0853345303792415,0.149648254511952,0.132893405577299,-0.0290718449403579,1
0.275352638096243,0.0887759588023952,-0.201745533406375,0.0039985686888454,0.218519999831014,1
0.277305770725667,0.0490038461477046,-0.0789067190438247,-0.206938731506849,0.0589408369284294,1
0.279258903355091,-0.0119869722155689,0.1571504175,0.177014019178082,0.0857418281709742,1
0.281212035984516,-0.115390805668663,0.400272697828685,0.190505446477495,-0.266363558021869,1
0.28316516861394,0.107847787704591,-0.0175844272410359,0.0616404975538161,-0.0310942174950298,1
0.285118301243364,0.0487232883832335,-0.0346524550099602,-0.190147672896282,-0.0808640165506958,1
0.287071433872789,0.0206675119361277,0.00409051129482072,0.0355184163405088,0.0879221036878728,1
0.289024566502213,-0.117257124710579,0.0893396044721116,0.10197729481409,-0.0309484609145129,1
0.290977699131637,0.201804143393214,0.0737161679581673,-0.0237793057729941,-0.0380298014512922,1
0.292930831761062,0.0578414157285429,0.202667181454183,-0.239558456262231,-0.0647396948310139,1
0.294883964390486,-0.0454831296606786,0.0802289680278885,0.0910323221135029,-0.238694100487078,1
0.29683709701991,-0.0934585073852295,0.203887193396414,0.156349480332681,-0.100049226461233,1
0.298790229649335,0.0588172688223553,0.0129462198705179,0.0207716945205479,-0.04377504,1
0.300743362278759,0.0670510293013972,0.064890807938247,-0.136403134637965,0.0528919388369781,1
0.302696494908183,-0.0819495399600798,0.0128369650697211,0.057426294520548,0.00580649013916501,1
0.304649627537608,-0.109389309141717,0.119900600139442,0.195167968982388,-0.13588105250497,1
0.306602760167032,-0.0629448009580838,0.134832089581673,1.15141878669258e-05,-0.00633381837972167,1
0.308555892796456,0.0764741107385229,0.0268640675498008,-0.121919426908023,-0.020557231361829,1
0.310509025425881,-0.0778204615568862,-0.20119925940239,-0.12687485146771,0.105795504373757,1
0.312462158055305,-0.135749540838323,0.0844534869920319,0.173224225244618,0.027803587415507,1
0.314415290684729,-0.00691863520958083,0.0185546329780877,0.133072733365949,-0.156359852067594,1
0.316368423314154,0.0549016582834331,0.192415439312749,-0.012254506555773,-0.126176093518887,1
0.318321555943578,-0.0694647194411178,-0.0351076833466135,-0.0210415681996086,0.0935701711829026,1
0.320274688573002,-0.0704222752894211,-0.207420713336653,0.0764051521526419,0.0481184108250497,1
0.322227821202427,-0.0546622478243513,-0.0765880893824701,0.086734432778865,0.197470320328032,1
0.324180953831851,0.173364124790419,0.196646027988048,-0.109605585420744,-0.125076845974155,1
0.326134086461275,0.0809386386427146,-0.191779067689243,-0.152124204109589,0.0629309233200795,1
0.3280872190907,-0.081059074011976,-0.0409770940338645,0.0561291568493151,0.0448692537176938,1
0.330040351720124,0.0443258503792415,0.0190037916035857,0.170737546575342,0.0561168031809145,1
0.331993484349548,0.0508579670259481,0.135906428456175,-0.246869052446184,-0.143114222813121,1
0.333946616978973,0.0800542717764471,0.154303722968127,-0.0597464825831703,-0.0270676919582505,1
0.335899749608397,-0.203790897804391,-0.211481350099602,0.0758133704500979,0.0314535751192843,1
0.337852882237821,-0.0362369215968064,0.0278352213346614,0.199716917221135,0.203513145228628,1
0.339806014867246,0.139465427944112,0.0219900894920319,-0.215259540900196,-0.0314464625646123,1
0.34175914749667,0.0792491929740519,-0.0108106295916335,-0.0537928,-0.0426393533101392,1
0.343712280126094,-0.111280024510978,0.122899037450199,0.173110650978474,0.112512453459245,1
0.345665412755519,-0.0963311749301397,-0.0129350284960159,0.11745328297456,-0.0204600603081511,1
0.347618545384943,-0.0227457525748503,0.17824266376494,-0.0485205630136986,-0.18713878332008,1
0.349571678014367,0.0904288099800399,-0.0417782959063745,-0.124184934637965,0.25887635306163,1
0.351524810643792,-0.0371151893812375,-0.0637870685557769,0.154705642270059,-0.203682155208748,1
0.353477943273216,0.0730403276646707,-0.142280573217131,0.0490935299412916,0.399391769870775,1
0.35543107590264,0.0361347834730539,0.149053422818725,0.000178886790606653,-0.441028527007952,1
0.357384208532065,0.0861716508582834,-0.032163873436255,-0.080076276223092,0.22339069889662,1
0.359337341161489,-0.0409088182834331,0.129466464920319,0.0931125244618395,-0.118098749681909,1
0.361290473790913,-0.110499342035928,-0.0495596656075697,0.0370427025440313,0.137127095994036,1
0.363243606420338,0.0736563349301397,-0.23093477435259,-0.018973321037182,-0.0634825443240557,1
0.365196739049762,0.0319142188423154,0.345851667609562,-0.0347541664383562,-0.0351146698409543,1
0.367149871679186,0.0716070434331337,-0.0232171191932271,0.117112560176125,-0.383442531322068,1
0.369103004308611,-0.0903479756487026,-0.0596171769920319,0.0977690693737769,0.147828058280318,1
0.371056136938035,0.0484244333732535,-0.111901668884462,0.0208792911937378,0.284778512057654,1
0.373009269567459,0.135958455888224,-0.0672771524701195,-0.0584493449119374,-0.00880560705765408,1
0.374962402196884,-0.0191106998003992,0.187322951653386,0.0668051378669276,-0.0470059775347913,1
0.376915534826308,-0.177406269780439,0.102213461832669,0.118367854696673,-0.304472830636183,1
0.378868667455732,-0.00529627944111776,0.0242480220418327,-0.00646221898238748,-0.0141135758648111,1
0.380821800085157,0.151352538443114,-0.108454072948207,-0.280307707436399,0.343633804632207,1
0.382774932714581,0.032951062754491,-0.182249621175299,0.0967708113502936,-0.218652570666004,1
0.384728065344005,-0.0630240890219561,0.134231188177291,0.00720853610567515,-0.108205521779324,1
0.38668119797343,-0.0603404930139721,-0.143008938555777,-0.102366720352251,0.182384514244533,1
0.388634330602854,0.14919956255489,-0.28226025188247,-0.137520944520548,0.390196958916501,1
0.390587463232278,0.0620863766866267,-0.14778580123506,-0.0205095624266145,0.124998933856859,1
0.392540595861703,-0.0928912927744511,0.0565874430776892,0.145135515949119,-0.151136907932406,1
0.394493728491127,-0.162731878882236,0.138844168655378,-0.0240662302348337,-0.256075572713718,1
0.396446861120551,0.165380426666667,-0.0313323230079681,-0.0234027174168297,0.122672901759443,1
0.398399993749976,0.110421600239521,-0.0361395342430279,-0.141089567514677,-0.0397424412723658,1
0.4003531263794,0.0058467430738523,-0.162134598406375,0.111170832778865,0.189058950994036,1
0.402306259008824,-0.121758247105788,0.0753185717031873,-0.0657718962818004,-0.0618002704572565,1
0.404259391638249,0.101956074650699,0.100046574950199,-0.05380475518591,-0.0492894972962227,1
0.406212524267673,0.124022552734531,0.135627221743028,0.0553341369863014,-0.203755033499006,1
0.408165656897097,0.038428038243513,-0.00618550969123506,0.168191091976517,0.149103428359841,1
0.410118789526522,-0.0419761576047904,0.022682036563745,0.038435481702544,-0.201082829522863,1
0.412071922155946,0.0861838490219561,0.0692124422808765,-0.0636677835616438,0.223803675874751,1
0.41402505478537,0.00859742898203593,0.128295010667331,-0.045262774853229,-0.218992669353877,1
0.415978187414795,-0.0891037629540918,-0.164131533376494,0.102879911350294,0.0361299320775348,1
0.417931320044219,-0.114774798403194,0.0418926723705179,-0.001255735518591,0.103499838230616,1
0.419884452673643,0.0848237537724551,0.0231858225896414,-0.138543112915851,-0.0105364664512922,1
0.421837585303068,0.13008504007984,0.213270966842629,0.00531363913894325,-0.0408113228628231,1
0.423790717932492,0.0188682827944112,-0.0722543156175299,0.0146685721135029,0.0760429423757455,1
0.425743850561916,-0.142086486866267,0.0096807152689243,0.0735179747553816,-0.0461375112425447,1
0.427696983191341,0.0226253172055888,0.0223906904282869,-0.126163517906067,-0.0560125195725646,1
0.429650115820765,0.101620625149701,0.11545150186255,-0.0350291357142857,-0.0447285309642147,1
0.431603248450189,-0.0345230796007984,0.0136078183864542,0.0373475597847358,0.0385592084194831,1
0.433556381079614,-0.0711907596007984,-0.00804284130478088,0.155536527690802,-0.251162361312127,1
0.435509513709038,0.0167519013972056,0.176852699910359,-0.0581863308219178,0.107423119522863,1
0.437462646338462,0.103523538682635,0.0318655095418327,-0.0145977229941292,-0.158855933508946,1
0.439415778967887,-0.00422284103792415,-0.0579904944023904,0.0926462722113503,0.0463085999502982,1
0.441368911597311,-0.119873630818363,0.187049814651394,0.0590462222113503,0.0715973666699801,1
0.443322044226735,0.0214786898203593,-0.230770892151394,-0.0416642638943249,-0.0717177911232604,1
0.44527517685616,0.0656726368063872,0.187990619880478,-0.0493215604696673,0.0228478636779324,1
0.447228309485584,0.0381352823153693,0.116167727778884,0.264239055577299,-0.180263931272366,1
0.449181442115008,-0.0848283065868263,-0.0611953018924303,0.0621007722113503,0.0293218851292247,1
0.451134574744433,-0.0171102009580838,-0.0834347235657371,0.00808724227005871,0.183684177087475,1
0.453087707373857,-0.00827873045908183,0.08322133562749,-0.136104254990215,-0.122690081968191,1
0.455040840003281,0.0911424025548902,-0.0572985473306773,0.235026558806262,0.102352005159046,1
0.456993972632706,-0.136877870978044,0.108101081653386,0.127214692270059,-0.183549527524851,1
0.45894710526213,0.0591832137325349,0.0871727175896414,-0.00954067935420744,-0.174087496172962,1
0.460900237891554,-0.0758809535329341,0.0719559517231076,-0.0844996950097847,-0.0463500729224652,1
0.462853370520979,0.100565483992016,0.103038942549801,0.0571035045009785,0.0105253594333996,1
0.464806503150403,0.0371350328942116,-0.172052506434263,0.0308319834637965,-0.0326003688270378,1
0.466759635779827,-0.0903723719760479,-0.117073062788845,-0.0682167318003914,0.15245582971173,1
0.468712768409252,-0.0245937743712575,0.17551129374502,-0.0713968112524462,0.0184387271172962,1
0.470665901038676,-0.0714957136926148,0.0371704370916335,0.0391109497064579,-0.221956386491054,1
0.4726190336681,0.0161846867864271,0.122480227380478,0.131954923483366,-0.0395480991650099,1
0.474572166297525,0.00688358698602795,-0.149321438157371,-0.111159759589041,0.15245582971173,1
0.476525298926949,-0.00591838578842315,0.00436971800796813,0.072059442074364,-0.301557699025845,1
0.478478431556373,0.0586525936127744,0.0864868402290837,-0.0197324753424658,0.172837458220676,1
0.480431564185798,-0.033266668742515,0.14768166809761,0.257370801272016,-0.535029375059642,1
0.482384696815222,-0.0247828459081836,-0.0437813005876494,-0.113771967710372,0.290493384652087,1
0.484337829444646,-0.0142680288223553,-0.0526005908964143,-0.0846252244618395,-0.220213380715706,1
0.486290962074071,0.0360737926546906,-0.136168374083665,0.0486272776908024,0.199322643538767,1
0.488244094703495,0.0520167925748503,0.109454627241036,0.21522279334638,-0.155734313409543,1
0.490197227332919,0.131603711457086,-0.0755501687749004,-0.0642476100782779,0.193200867157058,1
0.492150359962344,-0.0904272637125748,0.0277320362450199,-0.224154199217221,-0.0699383462027833,1
0.494103492591768,-0.013554436247505,0.181599214033865,0.132373354990215,-0.158412590576541,1
0.496056625221192,-0.116604522954092,0.137150719243028,0.0414302557729941,-0.100814448508946,1
0.498009757850617,0.045826224510978,-0.087234362749004,0.13264234667319,-0.0549861503180915,1
0.499962890480041,-0.0228250406387225,-0.101558881075697,-0.245559959589041,0.281468623041749,1
0.501916023109465,-0.0659211528942116,-0.000395005249003984,0.133550940802348,-0.226493060059642,2
0.50386915573889,0.0247660949301397,0.0615888850697211,-0.0418973900195695,0.0683421363717694,2
0.505822288368314,0.0797676149301397,-0.0519025741135458,-0.00481240332681018,-0.125186163409543,2
0.507775420997738,-0.0222456278642715,-0.0245706647808765,-0.137604630821918,0.149066989214712,2
0.509728553627163,-0.0434887299001996,-0.0196845473007968,-0.0946675806262231,0.022210178638171,2
0.511681686256587,-0.0389266166866267,0.00990529458167331,0.0954617184931507,-0.08043282,2
0.513634818886011,0.00820098866267465,0.118037198814741,0.0114705598825832,0.0391240151689861,2
0.515587951515436,0.0189597690219561,-0.023120003814741,-0.0463626519569472,-0.0664827006063618,2
0.51754108414486,0.0136840632335329,-0.0116785982868526,-0.1512992962818,0.0514040070775348,2
0.519494216774284,0.119966663313373,-0.0745850847011952,0.194426747455969,0.0787515854970179,2
0.521447349403709,-0.00360073469061876,-0.0163826244322709,0.0357814304305284,0.040539068638171,2
0.523400482033133,0.0668375614371257,0.0350642473207171,0.0605884411937378,0.0174123578628231,2
0.525353614662557,-0.00927897988023952,-0.068054075498008,-0.200381312035225,-0.00284173363817098,2
0.527306747291982,0.0131534431137725,-0.109783339691235,0.152529798434442,0.0404844099204771,2
0.529259879921406,-0.0436534051097804,-0.0624638715239044,0.150198537181996,0.103433033131213,2
0.53121301255083,0.149120274491018,0.115232992260956,-0.0530097353228963,-0.0752220222465209,2
0.533166145180255,0.044856470499002,0.05732187812749,-0.26183694520548,0.0111691176640159,2
0.535119277809679,-0.0158110965269461,-0.0364733683565737,0.0743428825831703,-0.112499267713718,2
0.537072410439103,-0.00615015089820359,0.0821894847310757,0.146498407142857,-0.00608481755467197,2
0.539025543068528,0.108719956407186,0.0593795102091633,-0.0539900605675147,-0.067837022166998,2
0.540978675697952,0.00120534179640719,-0.0524488481175299,-0.0866217405088063,0.0398467248807157,2
0.542931808327376,-0.191293879121756,0.078329148436255,0.18757642592955,-0.0244197807455268,2
0.544884940956801,-0.0038324998003992,0.171984791563745,0.0862681805283757,-0.0303472150198807,2
0.546838073586225,-0.0121516474251497,-0.102663568505976,-0.130162527592955,0.0136044671968191,2
0.548791206215649,0.0680390805588822,-0.178201123834661,-0.10867905851272,0.168440468041749,2
0.550744338845074,-0.188287031776447,-0.277380204113546,-0.0455198113502936,0.371868068916501,2
0.552697471474498,0.0279925092215569,-0.11868153624502,0.138052068297456,0.0602830121073559,2
0.554650604103922,0.0546637940918164,-0.115003291284861,-0.0536314049902153,0.110629764294235,2
0.556603736733347,-0.0246364679441118,-0.0689948807270916,-0.133480091682975,-0.0969215331709741,2
0.558556869362771,0.00711535209580839,-0.047046805189243,-0.0866934716242662,0.114595557922465,2
0.560510001992195,-0.0409637100199601,0.0224999452290837,0.113681421819961,0.0275545865904573,2
0.56246313462162,0.0768400556487026,-0.0194781771215139,-0.0281070830724071,-0.151713861063618,2
0.564416267251044,-0.0293571572854291,0.00142590809760956,-0.148035530528376,0.119812428866799,2
0.566369399880468,0.01187873500998,-0.0853284734462151,-0.0937410537181996,0.0276578308349901,2
0.568322532509893,0.0827378677844311,-0.0425066612450199,0.062913724853229,0.00680856663021869,2
0.570275665139317,0.203219130379241,-0.0100215671414343,0.0914268432485323,-0.162597019075547,2
0.572228797768741,0.072003483752495,-0.0133963265438247,-0.211469746966732,0.135268699592445,2
0.574181930398166,0.0341891763672655,0.0191798132270916,0.0801172373776908,0.0852681192842942,2
0.57613506302759,-0.0890122767265469,0.00333179740039841,0.103148903033268,0.0954224943936382,2
0.578088195657014,0.0506627964071856,0.0342023483366534,0.152750969373777,-0.119975365656064,2
0.580041328286439,0.0507664807984032,-0.0551984272709163,-0.121704233561644,0.236690986868787,2
0.581994460915863,-0.0371883783632734,-0.104120299183267,0.025643432778865,-0.0506134529025845,2
0.583947593545287,-0.026112445748503,0.0273253655976096,-0.0354296344422701,0.133811133787276,2
0.585900726174712,0.0765533988023952,-0.130511403286853,0.0563682605675147,0.13738217000994,2
0.587853858804136,-0.00905941293413173,-0.0539784153286853,-0.219945973776908,0.134497404353877,2
0.58980699143356,-0.124838283433134,0.0206061953486056,-0.0960424270058709,-0.161485625149105,2
0.591760124062985,-0.136292359121756,0.130437618705179,0.105725245596869,-0.0614298058151093,2
0.593713256692409,0.0453382979640718,0.129405767808765,0.00911538825831703,-0.108096204343936,2
0.595666389321833,0.0599882925349301,-0.0953677756972112,-0.0871657014677104,0.143133481749503,2
0.597619521951258,-0.0401891266267465,-0.141807135747012,-0.110388650097847,-0.00567184057654076,2
0.599572654580682,0.0350979395608782,0.0247578777788845,0.130747449706458,0.0748708165407555,2
0.601525787210106,-0.0390668955688623,0.0268762069721116,0.0700629260273973,-0.105430073558648,2
0.603478919839531,0.0776329362874251,-0.175020595189243,0.0483403532289628,0.15923958389662,2
0.605432052468955,0.00371206443113773,-0.0112597882171315,-0.19720123258317,-0.0367119190357853,2
0.607385185098379,0.0981685448303393,-0.0539237879282869,0.0762497347358121,0.0774276298906561,2
0.609338317727804,0.0369032677844311,0.0840468163446215,0.168364442172211,-0.181393544771372,2
0.611291450357228,0.0358664238722555,0.0329519878386454,0.0302402017612524,-0.0236363391252485,2
0.613244582986652,0.108274723433134,0.0131586597609562,-0.120915191291585,0.0787880246421471,2
0.615197715616077,0.106914628183633,-0.109170298864542,-0.0147710731898239,0.0393547964214712,2
0.617150848245501,0.026540927744511,0.0884837751992032,0.112133225244618,0.0167868192047714,2
0.619103980874925,0.00080890147704591,0.0591670703187251,-0.0075501409001957,0.0049562434194831,2
0.62105711350435,0.0319935069061876,0.2017263762251,-0.0503975272015656,-0.154373918658052,2
0.623010246133774,-0.0965202464670659,-0.139682736842629,0.111571331506849,-0.00298749021868787,2
0.624963378763198,0.0161907858682635,0.0315438148505976,0.0893825064579256,-0.172617783986083,2
0.626916511392623,-0.109029463313373,0.123888400368526,0.041501986888454,0.0312592330119284,2
0.628869644022047,0.127956460518962,0.147863759432271,-0.0673260704500979,-0.120874197902584,2
0.630822776651471,-0.118842885988024,-0.104065671782869,-0.163965815753425,0.0829785263320079,2
0.632775909280896,-0.0574495282235529,-0.0168439224800797,0.0393978741682975,0.0329961655964215,2
0.63472904191032,-0.030473289261477,-0.0274355684462151,0.0579403675146771,0.0398285053081511,2
0.636682174539744,0.0897518118962076,-0.0219728284063745,0.0565356331702544,-0.0715720345427435,2
0.638635307169169,-0.0407746384830339,-0.0672953616035857,-0.0346704801369863,0.0394519674751491,2
0.640588439798593,-0.0647135346906188,0.0650789689840637,0.0725854702544031,0.0186087764612326,2
0.642541572428017,0.0100856049500998,-0.106262907221116,-0.0125055654598826,0.0924587772564612,2
0.644494705057442,0.0926976684231537,0.171808769940239,-0.063554209295499,-0.0931136425049702,2
0.646447837686866,0.0355248752894212,-0.0226404966334661,-0.0649410108610568,-0.215852829681909,2
0.64840097031629,-0.125686055808383,0.331005154123506,0.0254521498043053,0.0389357462524851,2
0.650354102945715,0.0178741324550898,0.140391945,0.180487000684932,-0.206785555735586,2
0.652307235575139,0.0611715144111776,0.14296550252988,-0.0879248557729941,-0.188201591719682,2
0.654260368204563,0.0103539645508982,0.257130699651394,-0.0276228980430528,-0.0844229063916501,2
0.656213500833988,-0.14485547001996,-0.0357328635956175,0.0388838011741683,0.136270776083499,2
0.658166633463412,-0.0902381921756487,-0.00406111078685259,0.0876609596868885,0.00880664642147117,2
0.660119766092836,-0.00988888806387225,0.278065133426295,-0.0531352647749511,0.0682571116998012,2
0.662072898722261,8.31107385229554e-05,0.0401810138247012,0.0392125687866928,-0.271483257912525,2
0.664026031351685,-0.0497951805189621,0.134929204960159,-0.133073615362035,0.0570702941451292,2
0.665979163981109,-0.0906651279041916,0.081473258814741,0.104762853131115,-0.238250757554672,2
0.667932296610534,0.0649285488223553,0.0796826940239044,0.0653764931506849,-0.080900455695825,2
0.669885429239958,0.0228509832335329,0.0254194762948207,-0.152160069667319,0.208693577027833,2
0.671838561869382,-0.101070161516966,-0.0808550963247012,-0.0499193197651664,0.141827745715706,2
0.673791694498807,-0.0808882997205589,0.173896750577689,0.12668866409002,-0.342059808836978,2
0.675744827128231,-0.0292595719760479,0.494049735179283,0.104595480528376,-0.147001064960239,2
0.677697959757655,-0.044110836247505,0.17109861373506,-0.126426531996086,-0.377332901322068,2
0.67965109238708,0.00524903305389222,-0.0297359889741036,0.0593211914872799,0.0891671078131213,2
0.681604225016504,-0.132388946746507,0.154922833505976,-0.0205693383561644,0.00863659707753479,2
0.683557357645928,0.0370008530938124,-0.122025947091633,0.0767100093933464,-0.0434774536481113,2
0.685510490275353,0.0448076778443114,0.185447410906375,-0.112480807632094,-0.0274806689363817,2
0.687463622904777,0.0350796423153693,-0.0445703630378486,0.0807747726027397,-0.0680374374652087,2
0.689416755534201,-0.0880974144510978,-0.0222763139641434,0.0785809959882583,0.0826262812624255,2
0.691369888163626,0.123510229860279,-0.290533268187251,0.0938298356164384,0.321248023141153,2
0.69332302079305,0.0372387172854291,-0.107458640318725,-0.201726270450098,0.00419709456262425,2
0.695276153422474,0.0599760943712575,-0.0869187377689243,-0.0427462082191781,0.127270307236581,2
0.697229286051899,-0.111371510738523,0.15129314623506,0.0211781708414873,-0.0977353407455268,2
0.699182418681323,0.0892089936127744,-0.287273833296813,0.0319318605675147,-0.0988771006262425,2
0.701135551310747,0.1078660849501,0.165617664561753,-0.0560762405088063,0.107477778240557,2
0.703088683940172,0.127541722954092,-0.0329711450199203,-0.13341433816047,0.306496242554672,2
0.705041816569596,-0.020970919760479,-0.253805445986056,0.023198597260274,-0.110659090884692,2
0.70699494919902,-0.0837121746107784,-0.189636459651394,-0.00404129383561644,0.207260303986083,2
0.708948081828445,-0.00579030506986028,0.173289779462151,0.0391826808219178,-0.0549497111729622,2
0.710901214457869,-0.0109135338123752,0.00741064329681275,-0.118667616340509,-0.030899875387674,2
0.712854347087293,-0.109127048622754,0.084471696125498,0.106281161741683,0.134467038399602,2
0.714807479716718,-0.142409738203593,-0.17600995810757,0.026223259295499,0.0600765236182903,2
0.716760612346142,0.119295764311377,0.434827563436255,0.0846841183953033,-0.25410785887674,2
0.718713744975566,0.0584452248303393,0.551159647440239,-0.0310779467710372,-0.283325980079523,2
0.720666877604991,-0.133871023632735,0.348200645826693,0.1445138462818,-0.36406905249503,2
0.722620010234415,-0.134584616207585,-0.00163929603585657,0.0530327636986301,0.0909951382604374,2
0.724573142863839,0.0287182999600798,0.274484003844622,0.00216942524461839,-0.0912552461033797,2
0.726526275493264,0.142051438642715,0.0165212797410359,-0.0273598839530333,-0.182419914025845,2
0.728479408122688,-0.0955931860279441,0.13943293063745,0.0552743610567515,-0.0632639094532803,2
0.730432540752112,-0.193178495409182,-0.14040503247012,0.219550570645793,0.126007083538767,2
0.732385673381537,-0.0195071401197605,0.109418208974104,-0.104428989921722,0.0227203266699801,2
0.734338806010961,0.222827678483034,0.113557751982072,0.134561154011742,-0.0391654881411531,2
0.736291938640385,-0.0873716237125748,0.0170554143227092,-0.107106951565558,-0.00949795081510934,2
0.73824507126981,-0.0718555595209581,-0.105601308705179,0.130849068786693,-0.0435017464115308,2
0.740198203899234,0.0141109989620758,0.0732852184661354,-0.089204060665362,0.125557667415507,2
0.742151336528658,0.143448128383234,-0.0514959034661355,-0.0260448135029354,-0.110956677236581,2
0.744104469158083,-0.062462973493014,0.0598165294123506,0.0626925539138943,0.172989287992048,2
0.746057601787507,-0.111975319840319,-0.111677089571713,0.0828908405088063,-0.0921722979224652,2
0.748010734416931,-0.00054509469061876,0.0958827530976096,0.0716828537181996,-0.0253671985188867,2
0.749963867046356,0.108567479361277,0.158024455906374,-0.0959049423679061,-0.0403072480218688,2
0.75191699967578,0.0226070199600798,0.0660440530577689,0.0473062296477495,-0.0133726465805169,2
0.753870132305204,-0.116513036726547,-0.0602484269521912,-0.0717973099804305,0.0759396981312127,2
0.755823264934629,-0.0226176718562874,0.0394465787749004,0.226227541976517,0.0132461489363817,2
0.757776397564053,0.0538770125349301,-0.120551007280877,-0.118075834637965,0.175345686043738,2
0.759729530193477,0.0990041190419162,-0.259589880717131,-0.010999212035225,0.0131003923558648,2
0.761682662822902,-0.0728741061876247,-0.0229864701693227,-0.0822401648727984,0.251400255119284,2
0.763635795452326,0.0406725003592814,-0.0518904346912351,0.127334244129159,-0.105879489681909,2
0.76558892808175,0.0716131425149701,-0.110936584810757,-0.193602721624266,0.112457794741551,2
0.767542060711175,0.132750338842315,-0.0529526341434263,-0.122188418590998,0.0310041589960239,2
0.769495193340599,0.0140744044710579,-0.139889107021912,-0.00489011203522505,0.157824530427435,2
0.771448325970023,0.0108235938522954,0.13685937310757,0.08061935518591,-0.194888174850895,2
0.773401458599448,0.120064248622754,0.0793488599103586,-0.0618207073385519,0.187577092425447,2
0.775354591228872,0.0233145134530938,-0.179251183864542,-0.00972598473581214,-0.107318835914513,2
0.777307723858296,0.0119763203193613,-0.199026302808765,0.128661269765166,0.312411530447316,2
0.779260856487721,-0.0739658418363273,0.00522554728087649,0.0242446760273973,-0.170953729691849,2
0.781213989117145,0.0919779767664671,0.0666631635956175,0.0305629917808219,0.0735104217892644,2
0.783167121746569,-0.0504843767664671,0.0846052297709163,-0.00200293463796478,-0.122507886242545,2
0.785120254375994,0.0231193428343313,-0.0121216872011952,0.00103368258317025,0.207606475864811,2
0.787073387005418,-0.111090952974052,-0.183858094631474,-0.143074128375734,0.0889849120874752,2
0.789026519634842,-0.0524665783632735,0.0593916496314741,0.0263607439334638,0.118810352375746,2
0.790979652264267,-0.0427995336526946,0.188773612619522,-0.00288761839530333,-0.27900794138171,2
0.792932784893691,0.0438562210778443,0.337596860438247,0.126419672407045,-0.236398434343936,2
0.794885917523115,-0.0101511485828343,0.0150524096414343,-0.103538328571429,-0.124979674920477,2
0.79683905015254,-0.0258989778842315,-0.0215540183366534,0.0258466709393346,0.182001903220676,2
0.798792182781964,0.0792064994011976,-0.0423731275996016,-0.0358122003913894,0.0154385708349901,2
0.800745315411388,0.0479426059081836,0.0946506017330677,0.0483283980430528,-0.0923727132206759,2
0.802698448040813,-0.0500696392015968,0.0869602776992032,0.0703080073385519,-0.0796129392345924,2
0.804651580670237,-0.147898911856287,0.0209218203286853,0.0730577000978474,-0.0777788355964215,2
0.806604713299661,0.0456127566467066,-0.0996165735059761,0.0281420666340509,-0.0210795257753479,2
0.808557845929086,0.0773218831137724,0.0784141243924303,0.0224693309197652,0.114777753648111,2
0.81051097855851,0.00316314706586827,-0.136690369243028,0.180684261252446,-0.00531959550695825,2
0.812464111187934,-0.0190680062275449,0.0426999439541833,-0.0220697141878669,0.0817153026341948,2
0.814417243817359,0.0785904921357285,0.0443994630776892,0.0623159655577299,0.117510689532803,2
0.816370376446783,0.0823048329740519,0.0317380456075697,-0.0575048852250489,-0.139761821461233,2
0.818323509076207,0.00437686435129741,0.101612560428287,0.0778935727984345,0.0891063759045726,2
0.820276641705632,-0.0838280571656687,0.0840407466334661,0.0028389156555773,-0.153280744304175,2
0.822229774335056,0.0976074293013972,-0.0774499883665339,-0.0272941304305284,0.16749305026839,2
0.82418290696448,0.0197526496606786,0.219346747709163,-0.0503975272015656,-0.0717785230318091,2
0.826136039593905,-0.0427751373253493,0.126340563675299,0.0894781479452055,0.00952935613320079,2
0.828089172223329,-0.0960140226746507,-0.0162430210756972,-0.0547193269080235,0.00344401889662028,2
0.830042304852753,-0.0223066186826347,-0.0810978847709163,0.0404678633072407,-0.0653166479622266,2
0.831995437482178,0.00811560151696607,0.0400353407569721,0.0652868292563601,0.0167685996322068,2
0.833948570111602,-0.0555649119361277,0.153994167699203,0.0140648352250489,-0.148999144751491,2
0.835901702741026,-0.0743744803193613,-0.190820053326693,0.0716708985322896,0.0655909809145129,2
0.837854835370451,-0.044409691257485,-0.0317754119223108,-0.00961241046966732,-0.0075545297415507,2
0.839807967999875,0.0622754482235529,0.0712700743625498,0.00193629911937378,0.073340372445328,2
0.841761100629299,0.0517911265469062,0.0666510241733068,-0.0949186395303327,-0.228618676858847,2
0.843714233258724,-0.0399634605988024,-0.0245828042031873,0.0659921852250489,0.187753214960239,2
0.845667365888148,-0.0548086257884231,-0.00353911562749004,-0.0535955394324853,-0.0798376472962227,2
0.847620498517572,0.133762786427146,0.0629120821015936,-0.0669674148727984,-0.00500378958250497,2
0.849573631146997,0.0559567994411178,0.0873972969023904,0.0458297641878669,-0.0772201020377734,2
0.851526763776421,-0.025795293493014,-0.0262276959262948,0.0942901102739726,0.0559103146918489,2
0.853479896405845,-0.0181043512974052,-0.0288133928784861,0.0404917736790607,0.0833915033101392,2
0.85543302903527,-0.027155388742515,-0.0558053983864542,-0.0222789299412916,-0.0627962737574553,2
0.857386161664694,-0.00990718530938123,0.26250846373506,-0.0087695698630137,-0.00709904042743539,2
0.859339294294118,-0.0586327500998004,0.0211281905079681,0.0306287453033268,-0.154258528031809,2
0.861292426923543,-0.00370441908183632,0.0443933933665339,0.0247049506849315,0.100171729642147,2
0.863245559552967,-0.106931379161677,0.00828468170318725,-0.0429673791585127,-0.114752421520875,2
0.865198692182391,0.0901238558882235,0.0581959165338645,0.0603553150684932,0.0657610302584493,2
0.867151824811816,-0.0132677794011976,-0.0768794355179283,-0.0129658401174168,-0.0259259320775348,2
0.86910495744124,-0.0795282044710579,0.0723747617928287,-0.0105688253424658,0.0336885093538767,2
0.871058090070664,-0.0633290431137725,0.120847475079681,-0.132356304207436,-0.0909698061332008,2
0.873011222700089,0.0529560511776447,0.0502688737649402,-0.0315800645792564,0.000449935805168984,2
0.874964355329513,-0.00224673852295409,0.112465203974104,-0.00591825802348337,-0.0736247730516899,2
0.876917487958937,0.00358398371257485,-0.0105557017231076,0.0694532115459883,0.101592856302187,2
0.878870620588362,-0.0388534277045908,0.0344269276494024,-0.101535834931507,-0.139306332147117,2
0.880823753217786,0.0267604946906188,0.14873172812749,0.0278431869863014,0.0347513177534791,2
0.88277688584721,-0.00463147952095808,0.0580320343326693,0.0976315847358121,-0.117224210198807,2
0.884730018476635,-0.0210197124151697,0.274587188934263,0.0314835410958904,0.0377879131809145,2
0.886683151106059,-0.0078030020758483,0.12660156125498,0.0334262588062622,-0.188578129552684,2
0.888636283735483,0.128127234810379,0.352127748944223,-0.020820397260274,-0.105539390994036,2
0.890589416364908,0.00983554259481038,0.329238868177291,0.131524536790607,-0.206913092743539,2
0.892542548994332,-0.0603343939321357,-0.0403397743625498,0.00408225499021526,-0.18149071582505,2
0.894495681623756,-0.150460526227545,-0.113127750537849,0.00930069363992172,0.15876587500994,2
0.896448814253181,0.044539318243513,-0.0867973435458167,-0.0955283540117417,0.0780288757852883,2
0.898401946882605,0.0826707778842315,0.10166111811753,0.213046949510763,-0.0992232725049702,2
0.900355079512029,-0.15516901740519,0.0806417083864542,-0.0150041993150685,-0.0404530046023857,2
0.902308212141454,-0.0680436333732535,0.114061538007968,-0.030575828962818,-0.39509091138171,2
0.904261344770878,0.128810331976048,0.202169465139442,-0.0661185966731898,0.0551268730715706,2
0.906214477400302,0.119350656047904,0.0626146662549801,-0.0138206359099804,-0.0966968251093439,2
0.908167610029727,-0.0670250867065868,0.0213284909760956,-0.0298943833659491,-0.0948019895626242,2
0.910120742659151,-0.0954285108183633,0.377517350707171,-0.107262368982387,-0.0908847814612326,2
0.912073875288575,0.0587501789221557,0.0804656867629482,-0.0694899590998043,-0.100887326799205,2
0.914027007918,0.104481094530938,-0.0523942207171315,0.0125704369863014,-0.222733754920477,2
0.915980140547424,-0.0371273875449102,-0.1623895262749,0.0788798756360078,0.400163065109344,2
0.917933273176848,-0.0266247686227545,-0.0753134500398406,-0.0948947291585127,-0.243012139184891,2
0.919886405806273,0.0765229033932136,0.0941710945517928,-0.0210415681996086,0.109409052932406,2
0.921839538435697,-0.0520335435528942,0.1735143587749,0.015882023483366,-0.177124091600398,2
0.923792671065121,-0.0195071401197605,-0.182607734133466,0.139169878180039,0.108382683677932,2
0.925745803694546,-0.0362064261876247,0.076131912998008,-0.162794207534247,0.251631036371769,2
0.92769893632397,0.12355902251497,-0.0824514303585657,-0.0643014084148728,0.0150134474751491,2
0.929652068953394,0.0504920221157685,0.233513453545817,0.0371323664383562,-0.132747286023857,2
0.931605201582819,0.0660629780439122,-0.183214705249004,0.0334262588062622,0.0892582056759443,2
0.933558334212243,-0.0419395631137724,-0.131725345517928,-0.121429264285714,0.114091483081511,2
0.935511466841667,0.0425876120558882,-0.179736760756972,-0.0438161973581213,0.145246952166998,2
0.937464599471092,-0.0711907596007984,0.00881881628486056,-0.0151237511741683,-0.0986159534194831,2
0.939417732100516,-0.0952699346906188,-0.00954812967131474,0.100674179549902,-0.190132866411531,2
0.94137086472994,0.0291452356886228,0.192931364760956,-0.0381613944227006,0.0729516882306163,2
0.943323997359365,0.0290781457884232,0.0230887072111554,-0.0296134364970646,-0.150590320755467,2
0.945277129988789,-0.0206232720958084,0.207626135468127,-0.025668225146771,-0.0176178069880716,2
0.947230262618213,-0.00741266083832335,0.0169886475,-0.0169409394324853,0.0148494713220676,2
0.949183395247638,-0.0615298139720559,0.0543659287948207,0.00537939266144814,-0.144480690755467,2
0.951136527877062,-0.0330653990419162,0.0118779507071713,-0.107352032876712,-0.0503765984592445,2
0.953089660506486,0.0267909900998004,0.236299450966135,0.128003734540117,-0.0454269479125248,2
0.955042793135911,-0.0768324102994012,-0.235408151474104,-0.0294161759295499,0.171082306063618,2
0.956995925765335,0.0389708565269461,-0.0249894748505976,0.149110615264188,-0.178271924671968,2
0.958949058394759,-0.0303513076247505,0.161338518197211,-0.183966841780822,-0.0374710678926441,2
0.960902191024184,-0.0170126156487026,0.261476612838645,0.0623697638943249,-0.1335489472167,2
0.962855323653608,-0.0253439614371257,0.147936595966135,0.032326381702544,-0.00754845655069583,2
0.964808456283032,-0.00691253612774451,0.128343568356574,0.0800455062622309,-0.151057956451292,2
0.966761588912457,0.0267421974451098,-0.0673439192928287,-0.120819549804305,-0.0425300358747515,2
0.968714721541881,-0.00142946155688622,0.258763451952191,-0.0782889759295499,-0.0578830623558648,2
0.970667854171305,-0.0128591409181637,-0.0246677801593626,0.23307188590998,-0.00882989982107356,2
0.97262098680073,0.0463446464670659,-0.0467615287649402,-0.0136293529354207,0.201338942902584,2
0.974574119430154,0.0880196726546906,-0.284554602699203,-0.0777928357142857,0.125727716759443,2
0.976527252059578,-0.0169943184031936,-0.177114645537849,-0.19142687778865,0.232700900477137,2
0.978480384689003,0.00640175952095809,0.0857463354681275,0.142678725244618,-0.0962838481312127,2
0.980433517318427,0.0490343415568862,0.0491763257569721,-0.00443581497064579,-0.0929557395427435,2
0.982386649947851,0.109409152654691,0.0172435753685259,-0.161807904696673,0.0405876541650099,2
0.984339782577276,-0.082474060998004,-0.0345007122310757,-0.034252048630137,0.117832568648111,2
0.9862929152067,-0.0170492101397206,-0.102833520418327,0.00795573522504892,0.0092985748807157,2
0.988246047836124,0.0406968966866267,-0.0121945237350598,-0.0117882543052838,-0.0874230626739563,2
0.990199180465549,-0.0555100201996008,0.0980314308466136,0.00346058532289628,-0.101725427137177,2
0.992152313094973,-0.0912140452694611,0.0175774094820717,0.0234197681996086,0.0295101540457256,2
0.994105445724397,-0.0808822006387225,-0.122104853336653,-0.025088398630137,0.0269351211232604,2
0.996058578353822,0.156048831457086,-0.0418996901294821,0.0622203240704501,0.15972543916501,2
0.998011710983246,0.05405998499002,0.039343393685259,-0.0659153585127202,-0.0944497444930417,2
0.99996484361267,-0.0108037503393214,0.0949722964243028,0.0305869021526419,-0.214662484274354,2
1.00191797624209,-0.0888537005988024,0.0651578752290837,0.00404041183953033,0.0781564127932406,3
1.00387110887152,-0.0240875505788423,0.15049194436255,0.253037046379648,-0.129977910994036,3
1.00582424150094,0.0232230272255489,-0.114608760059761,-0.0561539492172211,0.141092889622266,3
1.00777737413037,0.00396212678642715,0.0853942922211155,-0.0970167746575343,-0.157556270666004,3
1.00973050675979,0.103810195528942,-0.00089272156374502,-0.0222729523483366,0.0642670253081511,3
1.01168363938922,0.060079778762475,0.154813578705179,0.24850005332681,-0.101251718250497,3
1.01363677201864,0.0794077691017964,0.0204119645916335,-0.0555023915851272,-0.0186198834791253,3
1.01558990464806,-0.0213124683433134,-0.12276645185259,-0.0670032804305284,0.0200420495029821,3
1.01754303727749,-0.0141399481037924,0.0707298700697211,0.101427356262231,0.0317450882803181,3
1.01949616990691,-0.100423658842315,0.00731352791832669,0.0366900245596869,0.0119100469483101,3
1.02144930253634,0.119948366067864,-0.18050154436255,-0.0013752873776908,-0.00916999850894632,3
1.02340243516576,-0.076698230499002,0.0558347988944223,-0.132099267710372,0.066526252306163,3
1.02535556779519,0.0435207715768463,0.0952090151593626,0.0778577072407045,0.0772150682107356,3
1.02730870042461,-0.0740939225548902,-0.174619994252988,-0.0790720406066536,-0.122854058121272,3
1.02926183305404,0.0711801077045908,0.173914959711155,0.134973607925636,0.287462862415507,3
1.03121496568346,-0.0715201100199601,0.0931878013446215,-0.0787851161448141,-0.351048131302187,3
1.03316809831288,-0.0573641410778443,0.0361385861952191,0.0714019068493151,0.00248445474155069,3
1.03512123094231,-0.10214359992016,0.0505784290338645,-0.0847567315068493,0.0955743241650099,3
1.03707436357173,0.132481979241517,-0.110699866075697,0.134053058610568,-0.0571664258349901,3
1.03902749620116,0.0516996403193613,0.228159968306773,-0.174647774363992,0.000200934980119282,3
1.04098062883058,0.0363116568463074,-0.0111383939940239,-0.0988698284735812,-0.141583778717694,3
1.04293376146001,-0.0536802956487026,-0.185011339750996,0.0239218860078278,0.0249066753777336,3
1.04488689408943,0.112391603672655,-0.0699235465338645,0.0333485500978474,0.421218817803181,3
1.04684002671885,0.167423619081836,-0.140101546912351,0.0287278707436399,-0.150572101182903,3
1.04879315934828,-0.0748685059481038,0.0168490441434263,-0.100950030821918,0.179177869473161,3
1.0507462919777,-0.12778413996008,0.114110095697211,0.268321751565558,-0.274313364850895,3
1.05269942460713,-0.00887034139720558,-0.0564245089243028,0.0265042061643836,0.235209128300199,3
1.05465255723655,0.152663841037924,-0.0676474048505976,0.0118112826810176,-0.0875566728727634,3
1.05660568986598,-0.0202024354491018,-0.0673864072709163,-0.213274980039139,0.245375649791252,3
1.0585588224954,-0.120209080319361,0.0935398445916335,0.122229379745597,-0.280325823797217,3
1.06051195512482,0.0475339674251497,0.00382951371513944,-0.126623792563601,0.165282408797217,3
1.06246508775425,0.153206659321357,-0.0173962661952191,-0.0401519328767123,-0.15209039889662,3
1.06441822038367,-0.0369871086626746,-0.163287843525896,-0.0740927056751468,0.267913261053678,3
1.0663713530131,-0.0718738567664671,-0.0319999912350598,-0.107411808806262,-0.0228043119781312,3
1.06832448564252,-0.0419273649500998,0.030876146623506,0.112252777103718,-0.0303532882107356,3
1.07027761827195,0.012305670738523,0.14961183624502,-0.0488074874755382,-0.23647738582505,3
1.07223075090137,-0.0297474985229541,-0.0358057001294821,-0.134137626908023,0.153439686630219,3
1.0741838835308,-0.113445198562874,-0.0309499312051793,-0.144652212915851,-0.0211949164015905,3
1.07613701616022,0.103053909381238,-0.0249651960059761,0.112198978767123,0.0780470953578529,3
1.07809014878964,0.00154689037924152,0.240742479531872,0.0362417050880626,-0.283113418399602,3
1.08004328141907,0.0594881678243513,0.122116044711155,-0.0371212932485323,-0.00221619498011929,3
1.08199641404849,-0.109913830179641,-0.0967880881075697,-0.0213703358121331,0.0133311736083499,3
1.08394954667792,-0.0147376581237525,-0.16422864875498,0.159188836986301,0.30681812166998,3
1.08590267930734,0.0570485350898204,-0.00835846628486056,-0.0369598982387476,0.0300263752683897,3
1.08785581193677,0.0631598150898204,0.293919218964143,-0.00725723884540118,-0.130992133866799,3
1.08980894456619,-0.0847795139321357,0.234138633794821,-0.0118241198630137,-0.290285856799205,3
1.09176207719561,-0.0369810095808383,0.109017608037849,0.0848395358121331,-0.0140346243836978,3
1.09371520982504,0.189191242155689,-0.0411166973904382,0.0509944045009785,0.163290402196819,3
1.09566834245446,0.0880379699001996,-0.064655037250996,-0.0875183794520548,-0.0354486953379722,3
1.09762147508389,-0.040719746746507,0.126334493964143,0.097733203816047,-0.0116114212326044,3
1.09957460771331,-0.141067940199601,-0.0221791985856574,0.00494302837573385,-0.0658267959940358,3
1.10152774034274,0.0239732142914172,0.104653485717131,0.0667393843444227,0.0361299320775348,3
1.10348087297216,0.0941248535728543,0.00932867202191235,-0.142560055381605,-0.0208001589960239,3
1.10543400560158,0.00958548023952096,0.123827703256972,-0.0231576361056752,0.000954010646123259,3
1.10738713823101,0.0329571618363273,0.0983349164043825,-0.051975611741683,-0.123941159284294,3
1.10934027086043,0.00140661149700599,0.106140564950199,0.00417191888454012,-0.133725069751491,3
1.11129340348986,0.015605274011976,0.122856549472112,-0.175012407534247,0.179420797107356,3
1.11324653611928,-0.0123468180439122,-0.12053279814741,0.014620751369863,0.0882136168489066,3
1.11519966874871,-0.0903967683033932,-0.272093485697211,0.0568464680039139,0.16064856417495,3
1.11715280137813,0.0388000822355289,-0.090730516374502,0.0227024570450098,0.040630166500994,3
1.11910593400755,0.0434109881037924,0.0473918306772908,0.0157624716242661,-0.085273153111332,3
1.12105906663698,0.0736319386027944,0.018463587310757,-0.0581863308219178,0.0475293113121272,3
1.1230121992664,0.0202283780439122,-0.0495293170517928,0.11433895704501,-0.068025291083499,3
1.12496533189583,-0.0724044768862275,0.201246869043825,-0.0296433244618395,0.0780956808846918,3
1.12691846452525,0.11949093493014,-0.158353168356574,0.0267911306262231,-0.0364082594930418,3
1.12887159715468,0.0190207598403194,-0.00543893521912351,0.00857740489236791,-0.0247112939065606,3
1.1308247297841,0.0538587152894212,0.0337349805776892,0.0988868792563601,0.184692326769384,3
1.13277786241352,0.00762767497005988,0.0333647281972112,0.0523154525440313,-0.195938836868787,3
1.13473099504295,0.00983554259481038,-0.082985564940239,0.00777640743639922,0.251600670417495,3
1.13668412767237,0.0975830329740519,-0.0106528171015936,-0.0931074288649707,0.0143939820079523,3
1.1386372603018,-0.0790585751696607,-0.30414156059761,-0.0758321852250489,0.0455069387574553,3
1.14059039293122,-0.0194217529740519,0.0364906294422311,-0.0347003681017613,0.0486649980019881,3
1.14254352556065,0.0419777038722555,-0.292942943515936,-0.0804468869863014,0.435266108250497,3
1.14449665819007,0.196607725668663,-0.134219996802789,0.0220927425636008,-0.174676595685885,3
1.1464497908195,-0.0210014151696607,-0.278308869920319,-0.0294639966731898,0.216722335337972,3
1.14840292344892,-0.072935097005988,-0.230552382549801,0.0680006564579256,0.168968835646123,3
1.15035605607834,-0.0607186360878244,-0.146316931135458,-0.120502737377691,0.0989449450894632,3
1.15230918870777,0.0789137434730539,0.287382140049801,-0.0259910151663405,-0.145440254910537,3
1.15426232133719,0.0308712758483034,0.11361237938247,-0.0282087021526419,-0.25289929389662,3
1.15621545396662,-0.0938793440319361,0.134656067958167,0.0324519111545988,-0.133172409383698,3
1.15816858659604,-0.0150670085429142,0.00518912901394422,0.128984059784736,0.214918597654076,3
1.16012171922547,0.121521929181637,0.0234286110358566,0.0271856517612524,-0.131563013807157,3
1.16207485185489,-0.0161282487824351,0.16693479188247,0.0620051307240705,-0.0332744930119284,3
1.16402798448431,-0.179083517285429,0.12620703002988,0.102401703913894,-0.158728396500994,3
1.16598111711374,-0.0316809074650699,0.0154348014442231,0.0453156911937378,0.06596144555666,3
1.16793424974316,0.0904044136526946,0.0553795705577689,-0.0118599854207436,-0.0272681072564612,3
1.16988738237259,0.139270257325349,-0.267777921065737,0.056762781702544,0.101349928667992,3
1.17184051500201,0.0046208276247505,-0.187718430926295,-0.070302911741683,0.357249898528827,3
1.17379364763144,-0.00668077101796407,-0.132065249342629,0.0495119614481409,0.0785633165805169,3
1.17574678026086,0.135055791776447,-0.00727198798804781,-0.0658197170254403,-0.0925184698011928,3
1.17769991289028,0.0415751644710579,0.0640956757768924,-0.101637454011742,-0.0620614176640159,3
1.17965304551971,0.0321398848702595,-0.163518492549801,-0.0790301974559687,0.0812780328926441,3
1.18160617814913,0.0722535461077844,-0.0987364653884462,-0.0333673648727984,0.134843576232604,3
1.18355931077856,-0.0255574293013972,0.242326674143426,0.0144533787671233,-0.0666406035685885,3
1.18551244340798,-0.00692473429141716,0.286149988685259,0.00415398610567515,-0.239586859542744,3
1.18746557603741,-0.00394838235528942,0.126043147828685,0.0363732121330724,-0.254557275,3
1.18941870866683,-0.111298321756487,-0.0225858692330677,-0.116695010665362,0.139094809831014,3
1.19137184129626,0.0183376626746507,0.0316652090737052,0.00903767954990215,-0.14081855666998,3
1.19332497392568,-0.081132262994012,0.0364299323306773,-0.0366251530332681,0.000771814920477136,3
1.1952781065551,-0.0144936948502994,0.120556128944223,0.0243522727005871,-0.0458642176540755,3
1.19723123918453,-0.05702259249501,-0.0570072011952191,-0.0349932701565558,-0.114649177276342,3
1.19918437181395,-0.00797377636726547,0.097236298685259,0.133515075244618,-0.0222941639463221,3
1.20113750444338,0.0638368131736527,0.0649697141832669,-0.114184421624266,0.0655363221968191,3
1.2030906370728,0.063861209500998,-0.0732072602689243,0.057414339334638,-0.19301155887674,3
1.20504376970223,-0.066823817005988,0.15529915559761,-0.112761754500978,0.199267984821074,3
1.20699690233165,0.00607240910179641,-0.0996347826394422,0.0110043076320939,-0.271531843439364,3
1.20895003496107,0.10642060255489,0.0407637060956175,-0.0174131692759296,0.333643405675944,3
1.2109031675905,0.0406664012774451,0.0578802915537849,0.205969479452055,-0.163228630924453,3
1.21285630021992,0.0425815129740519,0.255643620418327,-0.0131690782778865,-0.00804645820079523,3
1.21480943284935,-0.0197572024750499,0.105752103436255,0.0581854488258317,-0.269473031739563,3
1.21676256547877,0.0283523550499002,0.0497893665836653,-0.0462909208414873,0.194372992992048,3
1.2187156981082,0.0495100699401198,-0.0972311770219124,0.0661954233855186,-0.0695375156063618,3
1.22066883073762,-0.128235472015968,0.326537846713147,-0.00628289119373777,-0.137466155318091,3
1.22262196336704,-0.0913482250698603,0.118874818954183,-0.0783726622309198,-0.0300435554771372,3
1.22457509599647,-0.018269026506986,-0.115063988396414,0.111786524853229,0.0190035338667992,3
1.22652822862589,0.114379904351297,-0.0377237288545817,0.121171345792564,0.227477956341948,3
1.22848136125532,-0.0539913488223553,-0.203250821772908,0.0200304729941292,0.102254834105368,3
1.23043449388474,-0.132456036646707,-0.0741298563645418,-0.026295872407045,-0.0283795011829026,3
1.23238762651417,-0.032894624750499,0.28920912310757,-0.0196846545988258,0.0182079458648111,3
1.23434075914359,0.0601468686626746,0.0457712177988048,0.0503189364970646,-0.337128377862823,3
1.23629389177301,-0.0152560800798403,0.236111289920319,-0.0741524816046967,-0.0348899617793241,3
1.23824702440244,-0.0422506162874251,-0.23391500252988,-0.00790281888454012,0.0203335626640159,3
1.24020015703186,0.0684904126147705,0.489776658525896,0.0974283465753425,-0.351078497256461,3
1.24215328966129,0.159775370459082,0.301755216065737,0.0578686363992172,0.0328261162524851,3
1.24410642229071,-0.17086195497006,0.374955932599602,0.0788559652641879,-0.378577905447316,3
1.24605955492014,-0.0544670772055888,0.00921941722111554,-0.0949903706457926,0.0758971857952286,3
1.24801268754956,0.0203442605988024,0.320704854292829,0.00604290547945205,-0.284722813976143,3
1.24996582017899,0.0833721722954092,-0.157837242908367,-0.0354176792563601,0.110757301302187,3
1.25191895280841,-0.0462516139720559,0.239662070946215,0.146360922504892,-0.313108908031809,3
1.25387208543783,-0.0710626788822355,-0.170304429621514,0.014650639334638,0.332027936908549,3
1.25582521806726,0.0649468460678643,-0.126912064571713,0.0264802957925636,-0.12060697750497,3
1.25777835069668,0.122613664830339,-0.205168850498008,0.0902612126223092,0.401657070059642,3
1.25973148332611,-0.0395426239520958,-0.0130139347410359,-0.153056708610568,-0.142336854383698,3
1.26168461595553,0.110818040558882,-0.292093183954183,-0.111374952935421,0.279251908379722,3
1.26363774858496,0.0112505295808383,0.260189834073705,-0.192849544911937,-0.152831328180915,3
1.26559088121438,-0.0269663172055888,-0.00858304559760956,0.0929212414872799,-0.00734196806163022,3
1.2675440138438,0.0477901288622754,0.275461227340637,-0.191642071135029,-0.453685056749503,3
1.26949714647323,-0.00369832,-0.171827927121514,-0.134107738943249,0.373192024522863,3
1.27145027910265,-0.0733742308982036,0.0416741627689243,-0.0872015670254403,-0.436455414294235,3
1.27340341173208,0.127242867944112,-0.0593501097011952,0.113448295694716,0.26688081860835,3
1.2753565443615,-0.0528752168463074,0.10414362998008,-0.0624244442270059,-0.249972015904573,3
1.27730967699093,0.0407700856686627,-0.300985310796813,-0.0118360750489237,0.246177310984095,3
1.27926280962035,-0.0601697187225549,0.252633043685259,0.0557346357142857,-0.134441706272366,3
1.28121594224977,0.0411238324151697,0.00265198975099602,0.0825501177103718,0.0518837891550696,3
1.2831690748792,0.0606103988822355,0.0624750628984064,-0.00728712681017613,-0.220140502425447,3
1.28512220750862,-0.00209426147704591,0.0230583586553785,-0.0323392188845401,0.328317217296223,3
1.28707534013805,0.0378364273053892,-0.235396012051793,0.0522855645792564,-0.266910145198807,3
1.28902847276747,-0.0547232386427146,-0.0833983052988048,0.0117634619373777,0.445183628916501,3
1.2909816053969,0.103322268982036,-0.0397692215139442,0.128978082191781,-0.000181676043737576,3
1.29293473802632,-0.00483884830339321,-0.213405448535857,-0.0125294758317025,0.054495261222664,3
1.29488787065574,0.0186365176846307,0.396400222111554,0.026862861741683,-0.274021851689861,3
1.29684100328517,-0.0394511377245509,0.239170424342629,-0.0783009311154599,0.0872236867395626,3
1.29879413591459,-0.0307782433532934,-0.0689463230378486,0.163815493933464,-0.322801720636183,3
1.30074726854402,0.0161480922954092,0.150170249671315,-0.00609758581213308,0.546302256650099,3
1.30270040117344,0.0171544407984032,0.0785355186155378,0.0463259044031311,-0.331723238001988,3
1.30465353380287,-0.0929400854291417,0.164500837709163,-0.0101743042074364,-0.0517309200198807,3
1.30660666643229,-0.0390120038323353,0.0516102799302789,0.145075740019569,0.010507139860835,3
1.30855979906172,0.0612264061477046,-0.159312182719124,0.0521062367906067,0.15993800084493,3
1.31051293169114,-0.137207221397206,0.0888600972908367,0.017071564481409,-0.239167809373757,3
1.31246606432056,-0.0568030255489022,-0.115494937888446,0.0193310946183953,0.0712086824552684,3
1.31441919694999,-0.090579740758483,0.149520790577689,-0.0573793557729941,-0.230161267335984,3
1.31637232957941,0.226657901876247,-0.113473724073705,-0.0893714332681018,0.307170366739563,3
1.31832546220884,0.0382572639520958,-0.0889642304282869,-0.157832805381605,-0.259239705149105,3
1.32027859483826,-0.000819553373253491,-0.0740448804083665,0.00470392465753425,0.255195999403579,3
1.32223172746769,-0.0676471930538922,-0.0459967451593625,-0.0485265406066536,0.022349862027833,3
1.32418486009711,0.111226679041916,0.0943653253087649,0.0795314332681018,-0.20544338055666,3
1.32613799272653,0.0749371421157685,0.561805920806773,-0.190344933463796,-0.17349839666004,3
1.32809112535596,-0.122002210379241,0.0649575747609562,0.182304188943249,-0.0667013354771372,3
1.33004425798538,-0.0407075485828343,-0.0537963239940239,0.0697760015655577,-0.107148786570577,3
1.33199739061481,0.0716192415968064,0.339381355517928,0.0982353216242662,-0.102357038986083,3
1.33395052324423,0.0571705167265469,0.0794763238446215,0.0284588790606654,-0.14715289473161,3
1.33590365587366,-0.10807190746507,0.126103844940239,-0.0324468155577299,-0.120698075367793,3
1.33785678850308,-0.100753009261477,0.30236825689243,0.172309653522505,0.0811626422664016,3
1.3398099211325,0.0256138673053892,-0.0503547977689243,-0.0576124818982388,-0.130427327117296,3
1.34176305376193,0.0537733281437126,0.143960935159363,0.0303956191780822,-0.0681831940457256,3
1.34371618639135,-0.0904272637125748,0.199419885986056,-0.143624066927593,0.0836951628528827,3
1.34566931902078,-0.02173330499002,-0.158377447201195,0.209358774657534,-0.102308453459245,3
1.3476224516502,0.028907371497006,0.136240262569721,-0.0798431500978474,-0.0659604061928429,3
1.34957558427963,0.11834430754491,0.269397585896414,0.119001479549902,-0.065723551749503,3
1.35152871690905,-0.0892684381636727,-0.0526005908964143,-0.160708027592955,-0.170650070149105,3
1.35348184953847,-0.0235081378043912,-0.225119991065737,0.0960475226027397,0.479904061033797,3
1.3554349821679,0.0142085842714571,0.05130679437251,-0.0598540792563601,-0.155649288737575,3
1.35738811479732,0.153048083193613,0.113333172669323,0.0833272047945206,-0.190964893558648,3
1.35934124742675,-0.129595567265469,0.166813397659363,0.0747912020547945,-0.232377981998012,3
1.36129438005617,-0.0445865646307385,-0.0685760706573705,0.175304427592955,0.0851223627037773,3
1.3632475126856,0.0234974859081836,-0.103689349691235,0.0254342170254403,-0.0385035103379722,3
1.36520064531502,0.0864339113772455,0.136659072639442,-0.0575586835616438,0.0761886989562624,3
1.36715377794445,0.053352491497006,-0.235887658655379,-0.103604082093933,-0.0975713645924453,3
1.36910691057387,-0.0527044425548902,0.103658053087649,-0.00456134442270059,0.0910072846421471,3
1.37106004320329,0.0216189687025948,-0.0420089449302789,0.140162158610568,0.14046127777336,3
1.37301317583272,0.0826707778842315,0.11361237938247,-0.0129239969667319,-0.348224097554672,3
1.37496630846214,0.0638551104191617,0.115670011464143,0.0149495189823875,0.303307817355865,3
1.37691944109157,-0.0778936505389222,-0.184713923904382,-0.100938075636008,-0.118645336858847,3
1.37887257372099,-0.0358831748502994,-0.183408936005976,0.00755523649706458,0.150955751570577,3
1.38082570635042,0.00942080502994012,0.103585216553785,-0.109575697455969,-0.0777970551689861,3
1.38277883897984,0.0194476955688623,-0.0413473464143426,-0.0323691068493151,-0.0708250320675944,3
1.38473197160926,-0.111090952974052,0.200245366703187,0.00116518962818004,-0.186646854860835,3
1.38668510423869,-0.0279360712175649,-0.113692233675299,0.0259542676125245,0.146437297574553,3
1.38863823686811,0.0742723421956088,0.0913365394422311,-0.0553828397260274,-0.141929950596421,3
1.39059136949754,0.0923134262674651,0.291133221543825,0.0156488973581213,-0.21649051472167,3
1.39254450212696,-0.117141242155689,0.145089901434263,0.0527279064579256,-0.0562129348707753,3
1.39449763475639,-0.151790126067864,-0.27960778810757,-0.064175878962818,-0.0547675154473161,3
1.39645076738581,0.11763071497006,-0.197933754800797,0.043337107925636,0.277934025964215,3
1.39840390001523,0.0817254201996008,-0.208325100298805,-0.122260149706458,0.0914506275745527,3
1.40035703264466,0.0141353952894212,-0.0936379080179283,0.197188395401174,-0.0964964098111332,3
1.40231016527408,-0.140073789860279,-0.132647941613546,-0.0543487161448141,0.162731668638171,3
1.40426329790351,0.117191581077844,-0.0841934374601594,0.0562546863013699,-0.0529698509542744,3
1.40621643053293,0.077407270259481,-0.0734014910258964,-0.0461713689823875,0.0564811946322068,3
1.40816956316236,-0.00504011800399201,0.00385379255976096,0.0202098007827789,0.0356865891451292,3
1.41012269579178,-0.0939830284231537,-0.00373941609561753,-0.0248313621330724,-0.0933383505666004,3
1.4120758284212,0.036397043992016,0.0766903264243028,0.0743966809197652,-0.166004079145129,3
1.41402896105063,0.066264247744511,0.0443933933665339,-0.102647667221135,0.114771680457256,3
1.41598209368005,0.0884405093013972,-0.0944876675796813,0.0801112597847358,-0.129449543389662,3
1.41793522630948,-0.0491181824351297,-0.101668135876494,0.0431637577299413,0.248691611998012,3
1.4198883589389,-0.0783327844311377,-0.100921561404382,-0.021424134148728,-0.0817081900795229,3
1.42184149156833,0.135135079840319,0.00320433346613546,0.00494900596868884,0.0885719351093439,3
1.42379462419775,-0.0288753298203593,0.0635190532171315,-0.0535656514677104,-0.176516772514911,3
1.42574775682718,-0.0849014955688623,-0.1570845987251,0.0624355174168298,0.387974171063618,3
1.4277008894566,-0.133108638403194,-0.178984116573705,-0.0553051310176125,-0.114388030069582,3
1.42965402208602,0.0933624683433134,-0.128271679870518,-0.0993540135029354,0.277357072833002,3
1.43160715471545,-0.00770541676646706,0.0723262041035856,-0.119683807142857,-0.198191990675944,3
1.43356028734487,-0.0503928905389222,-0.0130685621414343,0.13252279481409,0.0580359314910537,3
1.4355134199743,-0.0631582688223553,0.00518305930278884,-0.063596052446184,0.00426389966202783,3
1.43746655260372,0.152383283273453,-0.281950696613546,-0.107142817123288,0.141930989960239,3
1.43941968523315,0.0165140372055888,-0.290211573496016,0.0031437728962818,0.00114227956262425,3
1.44137281786257,0.0368422769660679,-0.283559170069721,0.0876250941291585,0.414465429572565,3
1.44332595049199,7.09125748503021e-05,-0.265526058227092,-0.00941514990215265,-0.0915163933101392,3
1.44527908312142,0.0294440906986028,-0.0405825628087649,-0.0976205115459883,0.2365816694334,3
1.44723221575084,0.0630256352894212,-0.209611879063745,-0.0503556840508806,0.0839259441053678,3
1.44918534838027,0.01601391249501,-0.353209105577689,-0.109766980430528,0.19074729805169,3
1.45113848100969,0.0449723530538922,0.0216805342231076,0.14186577260274,-0.0905811219184891,3
1.45309161363912,0.0574632726546906,-0.0477933796613546,-0.0781036705479452,0.366699783499006,3
1.45504474626854,0.185202442634731,0.0521322750896414,0.0310292440313112,-0.345230014463221,3
1.45699787889796,0.0359579100998004,-0.0550406147808765,-0.13926042407045,0.451754821421471,3
1.45895101152739,0.0498089249500998,-0.0664577414641434,0.0193191394324853,-0.198720358280318,3
1.46090414415681,-0.0326384633133733,0.0348335982968127,-0.123336116438356,0.20458810000994,3
1.46285727678624,0.0125923275848303,0.0240598609960159,-0.0175924970645793,-0.121645493141153,3
1.46481040941566,-0.00634532151696606,0.0411825161653386,-0.0205573831702544,0.0454401336580517,3
1.46676354204509,-0.119001462115768,0.000406196623505977,0.0937999476516634,-0.0415218861928429,3
1.46871667467451,-0.0790158815968064,-0.0981901913844621,-0.0168931186888454,0.137090656848907,3
1.47066980730393,-0.035559923512974,-0.20801554502988,-0.119271353228963,-0.0607556816302187,3
1.47262293993336,0.0535171667065868,0.0593430919422311,-0.025064488258317,-0.00775494503976143,3
1.47457607256278,-0.087206948502994,-0.0275144746912351,-0.0165643510763209,-0.127518268697813,3
1.47652920519221,-0.0506063584031936,-0.0581968645816733,-0.0359735954011742,0.0645706848508946,3
1.47848233782163,-0.00665027560878243,-0.062409244123506,-0.0469962768101761,0.0616069677137177,3
1.48043547045106,0.134086037764471,-0.0852738460458167,0.0925326979452055,-0.102958284880716,3
1.48238860308048,0.0366166109381238,0.0368123241334661,0.0185300971624266,0.0143696892445328,3
1.48434173570991,-0.00648560039920159,0.0357926126593626,0.0331333567514677,0.114085409890656,3
1.48629486833933,-0.0572177631137725,-0.082985564940239,-0.0630401363013699,-0.0787809120874751,3
1.48824800096875,0.0616228464670659,0.202260510806773,0.0407786981409002,0.0997405330914513,3
1.49020113359818,0.0575913533732535,-0.186346676205179,-0.0155242499021526,-0.151598470437376,3
1.4921542662276,-0.0327177513772455,-0.0458025144023904,0.0156309645792564,0.0316722099900596,3
1.49410739885703,0.0490648369660679,0.0473554124103586,0.0113868735812133,0.233617952296223,3
1.49606053148645,0.111464543233533,0.0679742212051793,-0.0441987633072407,-0.114309078588469,3
1.49801366411588,0.0713752783233533,0.219201074641434,0.181533079452055,-0.0784651061630219,3
1.4999667967453,-0.206553781876247,0.113648797649402,-0.0867173819960861,-0.102369185367793,3
1.50191992937472,-0.0429459116167665,-0.0503305189243028,0.102491367808219,-0.0433195506858847,4
1.50387306200415,-0.0560467394011976,0.226885328964143,-0.0898974614481409,-0.0633489341252485,4
1.50582619463357,0.0686367905788423,-0.00646471640438247,0.123968859295499,0.018639142415507,4
1.507779327263,-0.226272113453094,-0.101886645478088,0.138195530528376,0.0770693116302187,4
1.50973245989242,-0.0329678137325349,-0.171002446404382,0.0629495904109589,0.0377150348906561,4
1.51168559252185,0.053370788742515,0.0512218184163347,-0.18228713816047,0.0332755323757455,4
1.51363872515127,0.0760105805189621,-0.132301968077689,0.0783538474559687,-0.0760722689662028,4
1.51559185778069,-0.154333443193613,-0.218534354462151,-0.0744214732876712,0.20650722832008,4
1.51754499041012,-0.0317053037924152,0.0238595605278884,-0.0824434030332681,0.0189306555765408,4
1.51949812303954,0.0899042889421158,-0.0659721645717131,-0.124113203522505,0.0396523827733598,4
1.52145125566897,0.0498882130139721,0.0656555915438247,0.031728622407045,-0.090629707445328,4
1.52340438829839,0.0173618095808383,-0.118893976135458,0.134764392172211,0.14047342415507,4
1.52535752092782,-0.0985329434730539,0.0194165319621514,0.0111178818982387,-0.128720760487078,4
1.52731065355724,0.0945822847105788,-0.0436720457868526,-0.026887654109589,0.378008064870775,4
1.52926378618666,-0.0789243953692615,0.121994650488048,0.0522018782778865,-0.302219676829026,4
1.53121691881609,-0.012828645508982,0.0834641240737052,0.161191330626223,0.166393802723658,4
1.53317005144551,-0.0879388383233533,-0.053365374501992,-0.0508876898238748,-0.130384814781312,4
1.53512318407494,0.100022665708583,-0.0540209033067729,0.0105440329745597,0.175953005129225,4
1.53707631670436,0.041764236007984,0.102055649342629,0.0113808959882583,0.0499342948906561,4
1.53902944933379,-0.0955931860279441,0.105041947231076,0.0815996804305284,-0.124293404353877,4
1.54098258196321,-0.0677813728542914,0.188901076553785,-0.011011167221135,-0.288275630626243,4
1.54293571459264,0.0427766835928144,0.103973678067729,-0.0502421097847358,0.0127238545228628,4
1.54488884722206,0.0366532054291417,0.0462810735358566,-0.0451133350293542,-0.0158140693041749,4
1.54684197985148,-0.0713920293013972,-0.0490922978486056,-0.0316278853228963,0.0171572838469185,4
1.54879511248091,-0.114396655329341,0.0862137032270916,0.1722439,0.00979050333996024,4
1.55074824511033,-0.0025394944510978,-0.0139547399701195,-0.242009269373777,-0.153365768976143,4
1.55270137773976,0.119222575329341,0.204069284731076,0.0486153225048924,-0.1330509455666,4
1.55465451036918,0.0463690427944112,-0.07057300562749,-0.0835432801369863,0.173177556908549,4
1.55660764299861,-0.0507832317764471,0.0201509670119522,0.177199324559687,-0.254964178787276,4
1.55856077562803,0.0118543386826347,-0.262570108894422,-0.233341759589041,0.396075807664016,4
1.56051390825745,0.00359008279441118,0.0275013872211155,-0.0112801589041096,-0.255589717445328,4
1.56246704088688,0.00481599824351298,0.0080176144123506,0.155285468786693,0.131169295765408,4
1.5644201735163,-0.016628373493014,-0.102378292081673,0.137579838454012,-0.117418552306163,4
1.56637330614573,-0.120306665628743,0.0980314308466136,0.0267971082191781,0.0397009683001988,4
1.56832643877515,0.133610309381238,0.0295347404581673,-0.174976541976517,-0.00897565640159046,4
1.57027957140458,0.139123879361277,0.000479033157370518,0.193022013111546,-0.0544152703777336,4
1.572232704034,-0.0450013021956088,-0.193927745438247,0.00200205264187867,0.250981204950298,4
1.57418583666342,0.00399872127744511,0.102674759880478,-0.0111247414872798,-0.209451686520875,4
1.57613896929285,-0.0634388265868263,0.0225181543625498,-0.12431046409002,0.205839177326044,4
1.57809210192227,0.0536208510978044,-0.190200942788845,0.180815768297456,-0.24445755860835,4
1.5800452345517,-0.0208794335329341,-0.170510799800797,-0.0152313478473581,0.547620139065606,4
1.58199836718112,-0.0867739136926148,0.0429305929780876,-0.0804229766144814,-0.166568885894632,4
1.58395149981055,-0.035261068502994,0.403981291344622,-0.152393195792564,-0.15752590471173,4
1.58590463243997,0.0450638392814371,0.33010683687251,0.0762975554794521,-0.236902509184891,4
1.58785776506939,-0.0707150312175649,0.0915732581772908,0.00271936379647749,-0.228157114353877,4
1.58981089769882,-0.137975705708583,0.0174135272808765,-0.0673798687866928,0.20789191583499,4
1.59176403032824,-0.00271636782435129,-0.111822762639442,-0.0380358649706458,0.13715746194831,4
1.59371716295767,0.00780454834331338,0.0500139458964143,0.00372957700587084,-0.308839454860835,4
1.59567029558709,-0.038633860758483,0.216317961842629,0.258805423581213,0.0243783077733598,4
1.59762342821652,-0.223905669700599,0.0750332952788845,-0.0351427099804305,-0.110671237266402,4
1.59957656084594,0.0683684309780439,-0.178474260836653,-0.0547073717221135,0.168136808499006,4
1.60152969347537,0.045917710738523,0.268141155687251,-0.115511447260274,-0.153699794473161,4
1.60348282610479,-0.0892501409181637,0.0318473004083665,0.296535990313112,-0.188717812942346,4
1.60543595873421,-0.0690926754491018,0.117806549790837,-0.0747562184931507,-0.196412545755467,4
1.60738909136364,0.0288768760878244,-0.0317086450996016,0.00277316213307241,0.124179053091451,4
1.60934222399306,0.100358115209581,-0.116259721494024,-0.0873689396281801,-0.00630345242544732,4
1.61129535662249,-0.0486546522155689,0.103676262221116,0.153803025733855,-0.155971167852883,4
1.61324848925191,-0.105077258283433,0.174139539023904,-0.0160203901174168,-0.0593041890159046,4
1.61520162188134,0.144509368622754,0.0026580594621514,-0.0231038377690802,-0.244281436073559,4
1.61715475451076,-0.0843098846307385,0.261167057569721,-0.0186027102739726,0.0260788012127237,4
1.61910788714018,-0.0202390299401198,-0.0788520916434263,0.0782701611545988,0.0208862230318091,4
1.62106101976961,-0.0907566141317365,-0.104017114093625,0.0591119757338552,0.0801970049204771,4
1.62301415239903,-0.00965102387225548,-0.315564756992032,-0.289190410567515,0.163089986898608,4
1.62496728502846,-0.0625056670658683,0.0557862412051793,-0.122839976223092,-0.112147022644135,4
1.62692041765788,-0.0960689144111776,0.196755282788845,0.053750074853229,-0.0885101638369781,4
1.62887355028731,0.0520899815568862,-0.00585774528884462,0.158465548238748,-0.142306488429423,4
1.63082668291673,0.115935170219561,-0.228166986065737,-0.244418239334638,0.116423588369781,4
1.63277981554615,0.0876110341716567,0.192937434472112,-0.144072386399217,0.100104924542744,4
1.63473294817558,-0.0785889458682635,0.236621145657371,0.0984744253424658,-0.253093636003976,4
1.636686080805,-0.065835765748503,0.270902874262948,0.184778912426615,-0.40870700527833,4
1.63863921343443,0.060079778762475,-0.00951778111553785,-0.0539601726027397,0.170954769055666,4
1.64059234606385,-0.00221624311377245,-0.018950112250996,-0.0420408522504892,0.193352696928429,4
1.64254547869328,-0.00639411417165668,-0.0182399560458167,0.210207592857143,0.0115942410238569,4
1.6444986113227,-0.0285337812375249,0.408521435288845,0.268160356555773,-0.381480890675944,4
1.64645174395212,0.0941248535728543,0.0711547498505976,-0.0124398119373777,-0.0732300156461232,4
1.64840487658155,-0.0524726774451098,-0.0123766150697211,-0.242015246966732,0.12496249471173,4
1.65035800921097,0.019703857005988,-0.112593615956175,0.243096309295499,0.276567558021869,4
1.6523111418404,-0.0495573163273453,-0.0800963824302789,0.110363857729941,-0.0974802667296223,4
1.65426427446982,0.201816341556886,0.367605512390438,-0.0153508997064579,-0.387693764920477,4
1.65621740709925,0.0219117246307385,0.114122235119522,-0.398430921819961,0.0663683493439364,4
1.65817053972867,-0.0169577239121756,-0.179955270358566,0.219711965655577,-0.145731768071571,4
1.6601236723581,-0.0465199735728543,0.0760833553087649,-0.00124378033268102,0.277223462634195,4
1.66207680498752,0.0601651659081836,0.133211476703187,0.0724300528375734,-0.309507505854871,4
1.66402993761694,-0.00738826451097804,-0.0925514297211155,-0.410469794031311,0.0516104955666004,4
1.66598307024637,-0.000191347944111773,-0.200689403665339,-0.0404627677103718,0.0585035671868787,4
1.66793620287579,-0.0231970846307385,-0.069626130687251,0.256270924168297,0.035461881083499,4
1.66988933550522,0.0633854811177645,-0.117607197370518,-0.0724787555772994,0.118002617992048,4
1.67184246813464,-0.059407333493014,0.178703961812749,-0.149326690606654,-0.191001332703777,4
1.67379560076407,-0.0831571581636727,-0.0778930772808765,-0.0986725679060665,0.0886508865904573,4
1.67574873339349,-0.0799063475449102,-0.0688674167928287,0.280067721722114,-0.0731389177833002,4
1.67770186602291,0.0159163271856287,0.132507390209163,-0.108983915753425,0.184947400785288,4
1.67965499865234,0.0868608471057884,-0.126827088615538,-0.129002874559687,-0.245052731312127,4
1.68160813128176,-0.123069549700599,0.0745841366533865,-0.0600453622309198,0.098859920417495,4
1.68356126391119,0.0729244451097804,0.134358652111554,0.283953157142857,-0.185960584294235,4
1.68551439654061,-0.0391461836327345,-0.12838700438247,0.0509645165362035,0.0769721405765408,4
1.68746752917004,0.0532488071057884,0.0519926717330677,-0.102151527005871,0.034192584194831,4
1.68942066179946,0.00588333756487026,-0.0872161536155379,-0.142960554109589,-0.0630817137276342,4
1.69137379442888,-0.110737206227545,0.169386955189243,0.240938398238748,-0.125210456172962,4
1.69332692705831,-0.00290543936127744,0.21432102687251,0.069596673776908,-0.0817203364612326,4
1.69528005968773,0.077797611497006,0.0545116018625498,-0.16348163072407,-0.039639197027833,4
1.69723319231716,-0.0281007464271457,0.0113377464143426,0.00356220440313111,0.0937098545725646,4
1.69918632494658,-0.0660187382035928,0.0757495211952191,0.205013064579256,0.013750223777336,4
1.70113945757601,-0.0173663623952096,0.0185182147111554,0.2702286037182,-0.108011179671968,4
1.70309259020543,0.0167153069061876,0.0281144280478088,-0.199466740313112,0.26004847889662,4
1.70504572283485,-0.0254537449101796,0.00464892472111554,0.0215129160469667,-0.116228206898608,4
1.70699885546428,-0.167861206706587,0.124034073436255,0.121314808023483,-0.0673936792345924,4
1.7089519880937,-0.151229010538922,0.15041303811753,0.289536228962818,0.0977971120178926,4
1.71090512072313,0.123479734451098,-0.246351840687251,-0.205474221232877,-0.0139131605666004,4
1.71285825335255,0.0233023152894212,-0.249896552001992,-0.191636093542074,0.173572314314115,4
1.71481138598198,-0.0703978789620758,0.116792908027888,0.136497894129159,0.0188213381411531,4
1.7167645186114,-0.0184824943712575,-0.000989836942231075,0.16337912964775,-0.310880046988072,4
1.71871765124083,0.161275744590818,0.0538196547908367,-0.101936333659491,0.0828874284691849,4
1.72067078387025,0.0377937337325349,-0.132526547390438,-0.23421448816047,0.191822252833002,4
1.72262391649967,-0.106376362714571,-0.246758511334661,0.124118299119374,0.221951352664016,4
1.7245770491291,0.0388183794810379,0.046881974940239,0.141764153522505,-0.00387417608349901,4
1.72653018175852,0.13525096239521,-0.0109441632370518,-0.0399367395303327,-0.0814470428727634,4
1.72848331438795,-0.00109401205588822,-0.0272352679780876,-0.132230774755382,-0.0138281358946322,4
1.73043644701737,-0.0780339294211577,0.00548047514940239,0.0843673059686889,0.280952401819085,4
1.7323895796468,-0.0584314803992016,-0.096375347749004,0.253867931800391,-0.102150550497018,4
1.73434271227622,0.10653648510978,0.208032806115538,0.033563743444227,0.0461203310337972,4
1.73629584490564,-0.020300020758483,0.200233227280877,-0.20350161555773,-0.109262256988072,4
1.73824897753507,-0.0433423519361277,-0.0758779331772908,0.0675642921722114,-0.141425875755467,4
1.74020211016449,-0.0981426022355289,-0.0948882685159363,0.188389378571429,0.114619850685885,4
1.74215524279392,0.046216565748503,0.0613885846015936,0.00850567377690802,0.0825230370178926,4
1.74410837542334,0.070625091257485,-0.176234537420319,-0.205701369765166,0.158249653787276,4
1.74606150805277,-0.105992120558882,0.00010878077689243,-0.107094996379648,-0.0584114299602386,4
1.74801464068219,-0.107492494690619,0.106134495239044,0.217560032191781,-0.0737826760139165,4
1.74996777331161,0.0235523776447106,-0.0571710833964143,0.0559498290606654,-0.031179242166998,4
1.75192090594104,0.124681253572854,-0.243189521175299,-0.246851119667319,0.236733499204771,4
1.75387403857046,-0.0358831748502994,-0.176665486912351,-0.161694330430528,0.0482398746421471,4
1.75582717119989,-0.0509418079041916,-0.0693712028187251,0.281699604598826,0.110647983866799,4
1.75778030382931,-0.0266918585229541,0.122686597559761,0.0650058823874755,-0.0613022688071571,4
1.75973343645874,0.16886300239521,-0.0155996316932271,-0.125541848238748,-0.0707764465407555,4
1.76168656908816,-0.0178237935329341,-0.0595382707470119,-0.20036337925636,0.15879016777336,4
1.76363970171758,0.0308712758483034,-0.0562606267231076,0.226078102152642,-0.0174659772166998,4
1.76559283434701,0.106585277764471,0.00560793908366534,0.0618078701565558,0.079310319055666,4
1.76754596697643,0.17927413508982,-0.0623181984561753,-0.160528699804305,0.0865252697912525,4
1.76949909960586,0.0774743601596806,-0.0456750504681275,-0.198032118003914,0.0137927361133201,4
1.77145223223528,-0.102875489740519,-0.0164493912549801,0.185854879158513,0.0711054382107356,4
1.77340536486471,-0.0398963706986028,-0.0843451802390438,0.165148497162427,0.0234430363817097,4
1.77535849749413,0.132079439840319,0.0707541489143426,-0.173936440802348,0.0874180288469185,4
1.77731163012356,0.0344758332135729,0.108629146523904,-0.0214659772994129,-0.182474572743539,4
1.77926476275298,-0.0771617607185629,-0.0114722281075697,0.0651612998043053,0.223384625705765,4
1.7812178953824,-0.0102243375648703,-0.177618431563745,0.240023826516634,-0.173212956689861,4
1.78317102801183,-0.00740656175648702,-0.0316540176992032,-0.158974525636008,0.203464559701789,4
1.78512416064125,0.0589941421956088,-0.0776381494123506,-0.143982722504892,0.0224045207455268,4
1.78707729327068,-0.0698428625149701,-0.217168669452191,-0.0406181851272016,0.128248090964215,4
1.7890304259001,-0.204461796806387,-0.14497552497012,0.183093231213307,0.184716619532803,4
1.79098355852953,0.0153491125748503,-0.00475912756972112,-0.0622570716242661,-0.18806190833002,4
1.79293669115895,0.128230919201597,0.0955792675398406,-0.222217459099804,-0.0770743454572565,4
1.79488982378837,0.0226924071057884,0.0717981392330677,-0.0494231795499022,-0.0393294642942346,4
1.7968429564178,-0.13934190003992,0.206048010567729,0.242420841291585,-0.21223928112326,4
1.79879608904722,-0.00643070866267465,-0.0131838866533865,0.0816295683953033,0.139009785159046,4
1.80074922167665,0.0326888022355289,0.106322656284861,-0.223813476418787,-0.221118286153082,4
1.80270235430607,0.0544869207185629,0.0158354023804781,-0.0319207873776908,-0.040531956083499,4
1.8046554869355,-0.181840302275449,0.0151070370418327,0.293660768101761,-0.133615752316103,4
1.80660861956492,0.0534317795608782,-0.107076248515936,0.0943319534246575,0.347368817007952,4
1.80856175219434,0.122875925349301,-0.127251968396414,-0.305186449315069,0.0126752689960239,4
1.81051488482377,0.0809264404790419,-0.0611710230478088,0.0281062010763209,-0.0829106818687873,4
1.81246801745319,-0.184956933093812,-0.0807276323904383,-0.0423576646771037,0.139125175785288,4
1.81442115008262,0.129847175888224,-0.20280166314741,0.19651292739726,0.0746157425248509,4
1.81637428271204,0.0864644067864271,0.0109917728784861,-0.33509832446184,0.16488765139165,4
1.81832741534147,0.1322441150499,0.0460564942231076,0.0563383726027397,-0.28650225889662,4
1.82028054797089,-0.190433908582834,0.0977582938446215,0.0208434256360078,0.0367008120178926,4
1.82223368060031,-0.144013796726547,0.0971998804183267,0.192358500293542,-0.0339364708151093,4
1.82418681322974,0.153639694131737,-0.119713387141434,-0.07213205518591,0.0302996688568588,4
1.82613994585916,0.0326827031536926,0.0679135240936255,-0.179411915949119,0.0919607756063618,4
1.82809307848859,-0.121148338922156,-0.0233688619721116,0.16309220518591,-0.100079592415507,4
1.83004621111801,-0.16073138003992,0.0276895482669323,-0.00211650890410959,0.108097243707753,4
1.83199934374744,0.157482115688623,0.0278170122011952,0.08364999481409,-0.0194336910536779,4
1.83395247637686,0.0681976566866267,-0.0136816029681275,-0.271042438356164,0.178588769960239,4
1.83590560900629,-0.0700929248702595,-0.0630101455278884,0.182256368199609,-0.0660150649105368,4
1.83785874163571,-0.19523998506986,-0.0813467429282869,0.0431637577299413,0.0404783367296223,4
1.83981187426513,0.10690243001996,0.179936113177291,0.0775110068493151,-0.0758414877137177,4
1.84176500689456,0.131066992255489,-0.0535656749701195,-0.194236346477495,-0.0796554515705765,4
1.84371813952398,-0.0118283960878243,-0.0314294383864542,0.0371443216242661,-0.138662573916501,4
1.84567127215341,-0.114530835129741,0.0276652694223108,0.267610418003914,0.155856816590457,4
1.84762440478283,0.225377094690619,-0.148247099282869,-0.0967896261252446,0.0684332342345925,4
1.84957753741226,0.20893397005988,-0.0419725266633466,-0.240664310958904,0.0992911169681909,4
1.85153067004168,-0.0654149291017964,0.0740864203386454,0.0368573971624266,0.0168232583499006,4
1.8534838026711,-0.159090727025948,0.0986505413844622,0.272386514774951,-0.233902352902584,4
1.85543693530053,0.0572924983632735,0.0992817913446215,-0.0780498722113503,-0.0502855005964215,4
1.85739006792995,0.210580722155689,-0.0831008894521912,-0.179346162426614,0.00334077465208747,4
1.85934320055938,-0.0338948741716567,-0.117528291125498,-0.118775213013699,0.177945011729622,4
1.8612963331888,-0.14497135257485,-0.126414348256972,0.233532160567515,0.151423387266402,4
1.86324946581823,-0.0278689813173653,0.146746932579681,-0.0229424427592955,-0.0636829596222664,4
1.86520259844765,0.152352787864271,-0.0344521545418327,-0.269213294911937,0.0172362353280318,4
1.86715573107707,-0.0221846370459082,0.0394040907968128,-0.0944344545009785,-0.125896726739563,4
1.8691088637065,-0.108907481676647,-0.0308831643824701,0.260096583659491,0.233733342922465,4
1.87106199633592,-0.0326872559680639,-0.0915863456474104,0.100207927299413,-0.222770194065606,4
1.87301512896535,0.0957106148502994,-0.0308710249601594,-0.189496115264188,0.220244786033797,4
1.87496826159477,0.0629463472255489,-0.0755319596414343,-0.0633330383561644,0.0193071934095427,4
1.8769213942242,-0.177857601836327,-0.0195510136553785,0.171933065166341,-0.0356673302087475,4
1.87887452685362,-0.0337545952894212,-0.00522649532868526,0.113107572896282,-0.0296852372166998,4
1.88082765948304,0.134226316646707,0.163711775258964,-0.140037511154599,-0.211595522892644,4
1.88278079211247,0.113440645748503,-0.0579480064243028,-0.151663929452055,0.17194469916501,4
1.88473392474189,-0.0401830275449102,-0.176173840308765,0.206830252837573,-0.149187413667992,4
1.88668705737132,-0.0401281358083832,0.0858737994023904,0.156989082778865,0.142028161013916,4
1.88864019000074,0.0522973503393214,0.164318746374502,-0.148322454990215,-0.182772159095427,4
1.89059332263017,0.142685743153693,-0.137163806713147,-0.156350362328767,0.121008847465209,4
1.89254645525959,-0.0525824609181637,-0.125479612739044,0.179022490410959,0.0739841306759443,4
1.89449958788902,-0.14605089005988,-0.0868459012350598,0.200816794324853,0.0604469882604374,4
1.89645272051844,0.0889528321756487,0.205240738984064,-0.0397872997064579,-0.142901661133201,4
1.89840585314786,0.152401580518962,0.0447393669023904,-0.137192176908023,-0.042038107415507,4
1.90035898577729,-0.0482948063872255,-0.0380211447011952,0.13576862778865,-0.0399246369980119,4
1.90231211840671,-0.135566568383234,-0.037359546185259,0.163923090606654,0.0205825634890656,4
1.90426525103614,0.0293343072255489,0.0447393669023904,-0.0877216176125245,0.137436828727634,4
1.90621838366556,0.125705899321357,-0.116047281603586,-0.320034790215264,-0.0466051469383698,4
1.90817151629499,-0.0449891040319361,0.23901261185259,0.0824843641878669,-0.180215345745527,4
1.91012464892441,-0.213287168223553,0.174121329890438,0.168800806457926,-0.249601551262425,4
1.91207778155383,0.0612690997205589,0.286720541533865,-0.0683183508806262,-0.121019954483101,4
1.91403091418326,0.220333154011976,-0.0537477663047809,-0.244579634344423,0.193413428836978,4
1.91598404681268,0.0327863875449102,-0.0280061212948207,0.0468758429549902,0.0129789285387674,4
1.91793717944211,-0.13610328758483,0.16099861437251,0.160940271722114,-0.0392080004771372,4
1.91989031207153,-0.0815774959680639,0.231559006553785,0.0892509994129159,-0.101737573518887,4
1.92184344470096,0.0892028945309381,0.0254862431175299,-0.123545332191781,-0.152400131630219,4
1.92379657733038,0.0548040729740519,-0.143992231762948,-0.050720317221135,0.16209398359841,4
1.9257497099598,-0.0910066764870259,0.0183604022211155,0.260186247553816,-0.00785818928429424,4
1.92770284258923,-0.0928973918562874,-0.0119820838446215,0.0169998333659491,-0.113750345029821,4
1.92965597521865,0.0339696094211577,-0.0047348487250996,-0.130915704305284,-0.0285556237176938,4
1.93160910784808,0.0833416768862275,-0.0943116459561753,-0.102217280528376,0.179232528190855,4
1.9335622404775,-0.120879979321357,-0.110475286762948,0.0876609596868885,0.0511246402982107,4
1.93551537310693,-0.0503989896207585,0.126692606922311,0.0780968109589041,-0.125149724264414,4
1.93746850573635,0.13674523744511,0.125217667111554,-0.131017323385519,-0.0704545674254473,4
1.93942163836577,0.143588407265469,0.100944892201195,-0.0907462796477495,-0.106899785745527,4
1.9413747709952,-0.110633521836327,0.00241527101593626,0.131279455479452,0.16253125333996,4
1.94332790362462,-0.0157013130538922,-0.118778651623506,0.12638978444227,-0.039499513638171,4
1.94528103625405,0.0564935186427146,-0.00040714467131474,-0.147067160469667,0.00960830761431412,4
1.94723416888347,0.0567923736526946,0.0639682118426295,-0.137664406751468,-0.135486295099404,4
1.9491873015129,-0.025722104510978,0.0376863625398406,0.132815696868885,0.081423789473161,4
1.95114043414232,-0.126722899720559,-0.123148843655378,0.121900612133072,-0.105788391819085,4
1.95309356677175,0.0324631362075848,0.0687450745219123,-0.0172816622309198,0.0634835836878728,4
1.95504669940117,0.156548956167665,0.0881195925298805,-0.122062889138943,-0.0178121490954274,4
1.95699983203059,0.00671281269461078,0.0316834182071713,0.0718801142857143,-0.000576433449304177,4
1.95895296466002,-0.0964592556487026,-0.0624517321015936,0.172381384637965,-0.0557635187475149,4
1.96090609728944,-0.0571628713772455,0.0490913498007968,-0.0185489119373777,0.00596439310139165,4
1.96285922991887,0.119045701956088,0.0308882860458167,-0.17887393258317,0.0340164616600398,4
1.96481236254829,0.0270776469461078,0.0629727792131474,0.0208792911937378,-0.102903626163022,4
1.96676549517772,-0.0775703992015968,-0.0638416959561753,0.153498168493151,0.0939649285884692,4
1.96871862780714,-0.0550342918163673,0.0356772881474104,0.0386566526418787,-0.0210916721570577,4
1.97067176043656,0.132774735169661,-0.0999807561752988,-0.196089400293542,0.224204506471173,4
1.97262489306599,0.0788771489820359,-0.0145920596414343,-0.0250286227005871,-0.0557635187475149,4
1.97457802569541,8.92098203592838e-05,0.117849037768924,0.119922028864971,-0.0422020835685885,4
1.97653115832484,-0.0786072431137724,0.20871261376494,0.122791273483366,-0.174160374463221,4
1.97848429095426,0.0597016356886227,-0.0361213251095618,-0.0526749901174168,0.00804142437375745,4
1.98043742358369,0.0638551104191617,-0.113000286603586,-0.0554725036203523,0.0628519718389662,4
1.98239055621311,0.0334328902195609,-0.0776017311454183,0.115725758610568,0.17689434971173,4
1.98434368884253,-0.0953736190818363,-0.0541544369521912,0.118415675440313,-0.185250020964215,4
1.98629682147196,-0.0786865311776447,0.103864423266932,-0.193106581409002,-0.114867812147117,4
1.98824995410138,0.144125126467066,0.196973792390438,-0.0287945062622309,-0.0280576220675944,4
1.99020308673081,-0.0319187716566866,0.000697542758964144,0.10215662260274,-0.0178546614314115,4
1.99215621936023,-0.1534917699002,-0.0971826193326693,0.123221660176125,-0.105648708429423,4
1.99410935198966,-0.0241363432335329,0.043337263625498,-0.149643503033268,0.0552301173161034,4
1.99606248461908,0.110933923113772,0.0486968185756972,-0.0492856949119374,0.00986945482107356,4
1.9980156172485,0.00293138195608783,-0.0541908552191235,0.0795732764187867,-0.112037705208748,4
1.99996874987793,-0.140268960479042,-0.00220377917330677,0.029307697260274,0.149813991689861,4
2.00192188250735,-0.0310344047904192,-0.0843451802390438,-0.103000345205479,0.0271719755666004,5
2.00387501513678,0.144661845668663,0.0221903899601594,-0.137915465655577,0.0314839410735586,5
2.0058281477662,0.0925756867864271,-0.0615959028286853,0.100309546379648,0.00487121874751491,5
2.00778128039563,-0.0473494487025948,-0.197332853396414,0.00304215381604697,0.10566189417495,5
2.00973441302505,0.0145562319361277,-0.0861478844521912,-0.0554485932485323,0.102266980487078,5
2.01168754565448,0.0924110115768463,-0.0511863481972112,-0.128919188258317,0.053274549860835,5
2.0136406782839,0.176151405189621,0.166643445747012,-0.00584652690802348,-0.0393173179125249,5
2.01559381091332,-0.0779912358483034,-0.154966269531873,0.0690826007827789,0.122308510308151,5
2.01754694354275,-0.0416651044311377,-0.105413147659363,0.00240255136986301,0.0438853967992048,5
2.01950007617217,0.0944054113373253,0.0258443560756972,-0.0966282311154599,0.121853020994036,5
2.0214532088016,0.0923805161676647,0.155802941623506,0.0369829266144814,-0.260685124572565,5
2.02340634143102,-0.0942696852694611,0.0731274059760956,0.105013912035225,0.0192768274552684,5
2.02535947406045,-0.117806042075848,0.0544266259063745,-0.0107361979452055,-0.0559578608548708,5
2.02731260668987,0.0832745869860279,-0.0661421164840637,-0.111596123874755,0.0791281233300199,5
2.02926573931929,0.0425022249101796,0.0576010848406375,-0.100280540410959,-0.0440301140159046,5
2.03121887194872,-0.0905248490219561,-0.0497842449203187,0.152565663992172,0.111905134373757,5
2.03317200457814,-0.0984963489820359,0.0376681534063745,0.0410357346379648,-0.121517956133201,5
2.03512513720757,0.0460518905389222,-0.101303953207171,-0.00525474520547945,0.111376766769384,5
2.03707826983699,0.0533768878243513,0.16131423935259,-0.106210312622309,-0.0160144846023857,5
2.03903140246642,0.0356773523353293,-0.121661764422311,0.109371577299413,0.0612547226441352,5
2.04098453509584,-0.117208332055888,0.24871807999004,0.098307052739726,-0.221859215437376,5
2.04293766772526,-0.00731507552894211,-0.00319314209163347,0.0259722003913894,0.0363485669483101,5
2.04489080035469,0.114416498842315,-0.106056537041833,-0.124477836692759,0.0794135633001988,5
2.04684393298411,0.00613949900199601,-0.0716837627689243,0.0845047906066536,0.257127274095427,5
2.04879706561354,-0.0562053155289421,0.0411157493426295,0.134836123287671,-0.257435967465209,5
2.05075019824296,0.0661117706986028,-0.0205767948406375,-0.0671108771037182,-0.00649172134194831,5
2.05270333087239,0.0582805496207585,0.0566238613446215,-0.162088851565558,0.193055110576541,5
2.05465646350181,0.148327393852295,-0.140702448316733,0.0802487444227006,-0.0309849000596421,5
2.05660959613123,-0.141952307065868,0.0449942947709163,0.155082230626223,0.0990542625248509,5
2.05856272876066,-0.0655674061477046,-0.0353201232370518,-0.0468049938356164,-0.129328079572565,5
2.06051586139008,0.0154284006387226,-0.00287144740039841,-0.100495733757339,0.175795102166998,5
2.06246899401951,-0.0220382590818363,0.110874939651394,0.0816654339530333,-0.0753920715904572,5
2.06442212664893,-0.0362186243512974,0.0439260256075697,0.140132270645793,-0.0689423429025845,5
2.06637525927836,-0.0616639937724551,0.0119993449302789,-0.0419272779843444,-0.180166760218688,5
2.06832839190778,0.0464361326946108,0.10984308875498,-0.0927667060665362,0.184321862127237,5
2.07028152453721,0.0294379916167665,-0.00260438010956175,-0.0291471842465754,-0.205844211153082,5
2.07223465716663,-0.0418724732135728,0.0126063160458167,0.0892270890410959,-0.0351875481312127,5
2.07418778979605,-0.113975818682635,-0.0399513128486056,-0.0581444876712329,0.0418751706262425,5
2.07614092242548,0.00368156902195609,-0.123270237878486,-0.0466376212328767,-0.0718756940854871,5
2.0780940550549,0.0901177568063872,0.0212981424203187,0.0883125173189824,0.00562429441351888,5
2.08004718768433,-0.0353342574850299,0.161690561444223,0.134674728277887,0.0415289987475149,5
2.08200032031375,-0.0250999981636726,-0.22653423376494,0.00519408727984344,0.0195076087077535,5
2.08395345294318,-0.0320834468662675,-0.0299120105976096,-0.0993301031311155,0.0758546734592445,5
2.0859065855726,0.124120138043912,0.0421111819721116,0.0740440029354208,0.00842403539761431,5
2.08785971820202,0.0274008982834331,0.0208125655278884,-0.02322338962818,-0.206105358359841,5
2.08981285083145,0.00228487928143713,0.032721338814741,0.11753696927593,0.212914444671968,5
2.09176598346087,0.0260164067065868,-0.117412966613546,-0.115481559295499,-0.136057175039761,5
2.0937191160903,0.185104857325349,-0.0392411566434263,0.0690527128180039,0.0747432795328032,5
2.09567224871972,-0.0188789346906188,0.180427759780876,0.0414541661448141,-0.0682925114811133,5
2.09762538134915,-0.0386399598403194,-0.0769886903187251,0.0488783365949119,-0.00222226817097416,5
2.09957851397857,-0.0531435764471058,0.129860996145418,-0.0897121560665362,-0.0731996496918489,5
2.10153164660799,0.0415446690618762,-0.0566126699701195,-0.0730167389432485,0.0746339620974155,5
2.10348477923742,0.0682708456686627,-0.0775956614342629,0.0291821678082192,-0.127305707017893,5
2.10543791186684,-0.154235857884232,-0.0151383336454183,-0.0570386329745597,0.242988885785288,5
2.10739104449627,0.0160688042315369,-0.172271016035857,-0.0387352433463797,-0.120242586053678,5
2.10934417712569,-0.0380422498203593,-0.141703950657371,-0.0862690625244619,0.218957269572565,5
2.11129730975512,0.0266995038722555,-0.0566612276593626,0.113848794422701,-0.0238671203777336,5
2.11325044238454,-0.0379507635928144,-0.0773407335657371,-0.0343596453033268,-0.028689233916501,5
2.11520357501397,-0.0293388600399202,-0.0547735474900398,-0.0270430715264188,0.0482520210238569,5
2.11715670764339,-0.0331446871057884,0.0316166513844622,-0.0902023186888454,0.133276692992048,5
2.11910984027281,0.0917462116566866,-0.270861334332669,-0.0273957495107632,-0.0497510598011928,5
2.12106297290224,0.0270288542914172,0.0566056522111554,0.0333963708414873,0.0751137441749503,5
2.12301610553166,0.0232230272255489,0.148258290657371,0.0645037645792564,-0.171451731341948,5
2.12496923816109,0.0127631018762475,-0.0736867674501992,-0.0307192911937378,0.162288325705765,5
2.12692237079051,0.00879259960079841,0.0184089599103586,0.0306287453033268,-0.0225127988170974,5
2.12887550341994,-0.0514297344510978,-0.00251333444223108,0.0743847257338552,-0.0620128321371769,5
2.13082863604936,-0.0737279776447106,0.246010988814741,0.0322785609589041,-0.177670678777336,5
2.13278176867878,0.0159834170858283,-0.12637792999004,-0.0443242927592955,0.213169518687873,5
2.13473490130821,-0.0107549576846307,-0.0414444617928287,-0.0563033890410959,-0.00659496558648111,5
2.13668803393763,0.120857129261477,0.122455948535857,0.128834619960861,0.142823749015905,5
2.13864116656706,0.0139768191616766,-0.0447463846613546,-0.0239765663405088,-0.163271143260437,5
2.14059429919648,-0.0514053381237525,0.126492306454183,-0.0174370796477495,-0.0164335347713718,5
2.14254743182591,-0.00358243744510978,-0.164319694422311,-0.108039456066536,0.307595490099404,5
2.14450056445533,-0.0436473060279441,-0.0763877889143426,0.0853775191780822,0.0234673291451292,5
2.14645369708475,-0.0569189081037924,0.166965140438247,-0.0125653413894325,-0.0345437899005964,5
2.14840682971418,0.00554788806387226,0.150218807360558,-0.0370435845401174,-0.128793638777336,5
2.1503599623436,-0.115439598323353,0.0428456170219123,-0.0521788499021527,-0.138292109274354,5
2.15231309497303,0.0779378903792415,0.0951301089143426,0.0315373394324853,0.0258662395328032,5
2.15426622760245,0.0298100356087824,-0.0298755923306773,0.0483821963796478,0.0226899607157058,5
2.15621936023188,-0.0881828015968064,-0.140107616623506,-0.064803526223092,0.106706483001988,5
2.1581724928613,-0.0493682447904192,0.189253119800797,0.209119670939335,-0.0891782148310139,5
2.16012562549072,-0.00822383872255489,-0.030015195687251,0.0369231506849315,-0.0617334653578529,5
2.16207875812015,0.0807861615968064,0.120422595298805,0.105641559295499,-0.0375317998011928,5
2.16403189074957,-0.0853589267065868,0.0783352181474103,-0.036666996183953,-0.00255022047713718,5
2.165985023379,-0.00181980279441117,0.0227123851195219,0.0805655568493151,-0.0674422647614314,5
2.16793815600842,0.0413312011976048,0.114765624501992,0.0461047334637965,0.10143495333996,5
2.16989128863785,0.089294380758483,0.0415952565239044,0.040282557925636,-0.130366595208748,5
2.17184442126727,-0.0773813276646707,0.0837797490537849,-0.0585928071428572,-0.103966434562624,5
2.17379755389669,-0.0181165494610778,0.0140205587450199,0.0918990730919765,0.206792668290258,5
2.17575068652612,0.136635453972056,-0.278855143924303,0.0232882611545988,0.0961755700596421,5
2.17770381915554,0.0688563575249501,-0.07666699562749,-0.0411382357142857,0.400442431888668,5
2.17965695178497,-0.123118342355289,-0.0787246277091634,0.0156190093933464,-0.047959468499006,5
2.18161008441439,-0.133999104351297,-0.0225797995219124,-0.0374679936399217,-0.0674483379522863,5
2.18356321704382,-0.0145363884231537,0.317281537201195,0.0196897501956947,-0.0292358210934394,5
2.18551634967324,0.0576340469461078,-0.00963310562749004,-0.0345150627201566,-0.0876295511630219,5
2.18746948230267,0.0151173474650699,0.0893456741832669,-0.10896598297456,-0.174190740417495,5
2.18942261493209,-0.0215076389620758,-0.0141914587051793,-0.0893176349315069,0.194312261083499,5
2.19137574756151,0.0458018281836327,-0.0033813031374502,-0.0312991177103718,-0.151537738528827,5
2.19332888019094,0.0384341373253493,-0.0287344866334661,-0.094715401369863,0.101726466500994,5
2.19528201282036,-0.0409027192015968,0.122540924492032,0.0351478055772994,-0.0884190659741551,5
2.19723514544979,-0.101222638562874,-0.16254733876494,0.0483821963796478,0.0317572346620278,5
2.19918827807921,0.00587113940119761,0.129915623545817,0.105384522798434,0.0845454095725646,5
2.20114141070864,0.0676365411576846,0.100853846533865,-0.00713170939334638,-0.054257367415507,5
2.20309454333806,0.00402311760479042,0.286653774711155,0.032380180039139,-0.343080104900596,5
2.20504767596748,0.000412461157684632,0.156640561762948,-0.0192542679060665,-0.0135487691153082,5
2.20700080859691,0.00361447912175649,-0.0379300990338645,0.0370845456947162,-0.0607010229125249,5
2.20895394122633,-0.0164271037924152,0.0846355783266932,-0.0398530532289628,0.0128878306759443,5
2.21090707385576,0.0174228003992016,0.296948004830677,-0.0269773180039139,-0.0913706367296223,5
2.21286020648518,-0.0351756813572854,-0.0719326209262948,0.0776066483365949,-0.111017409145129,5
2.21481333911461,-0.0299243718962076,-0.139124323416335,-0.0160203901174168,0.359521271908549,5
2.21676647174403,0.0756141401996008,0.110935636762948,0.0625730020547945,-0.068778366749503,5
2.21871960437345,0.0715887461876247,0.161581306643426,-0.036099124853229,-0.0290961377037773,5
2.22067273700288,-0.072953394251497,0.0426392468426295,0.0942183791585127,-0.259683048081511,5
2.2226258696323,-0.0605844562874251,0.140410154133466,0.0210227534246575,0.110350397514911,5
2.22457900226173,0.00412070291417166,-0.060212008685259,0.0949416679060665,0.0137805897316103,5
2.22653213489115,0.0332194223552894,0.0759255428187251,-0.0622152284735812,0.0112662887176938,5
2.22848526752058,0.0131168486227545,-0.0263551598605578,0.0137480227984344,0.076492358499006,5
2.23043840015,-0.0660797290219561,-0.113928952410359,-0.00790879647749511,-0.196946986550696,5
2.23239153277942,-0.0273444602794411,-0.00871050953187251,0.00234277544031311,0.182961467375746,5
2.23434466540885,0.0953751653493014,-0.0413230675697211,-0.0676667932485323,-0.0429855251888668,5
2.23629779803827,0.0116103754091816,-0.0316175994322709,0.0391408376712329,0.073200689055666,5
2.2382509306677,-0.0609565002794411,0.0681320336952191,0.0698417550880626,-0.176844724821074,5
2.24020406329712,0.0584513239121756,-0.00556032944223108,0.0461107110567515,-0.046076779333996,5
2.24215719592655,0.156134218602794,0.161599515776892,0.0260259987279843,-0.0866274746719682,5
2.24411032855597,0.0768400556487026,-0.145309359083665,-0.0653056440313112,0.149297770467197,5
2.2460634611854,0.0327070994810379,-0.0514048577988048,0.0906138906066536,-0.0181461745924453,5
2.24801659381482,-0.0141155517764471,0.000928191782868527,-0.0206350918786693,-0.0155650684791252,5
2.24996972644424,0.136873318163673,0.189835812071713,0.0419443287671233,-0.127257121491054,5
2.25192285907367,0.12727946243513,-0.101158280139442,-0.0515213146771037,0.0530255490357853,5
2.25387599170309,-0.0195132392015968,-0.0619418763645418,0.103985766046967,0.162415862713718,5
2.25582912433252,0.0300661970459082,-0.288566681772908,0.0428648780821918,0.270403269304175,5
2.25778225696194,0.133903065309381,0.129933832679283,0.0342810545988258,-0.145385596192843,5
2.25973538959137,-0.0276738106986028,0.0151373855976096,0.0253445531311155,0.117626080159046,5
2.26168852222079,0.00365717269461078,0.103111779083665,0.128894395890411,-0.237959244393638,5
2.26364165485021,-0.123850232175649,0.0274164112649402,-0.0227332270058708,0.174671561858847,5
2.26559478747964,0.0520960806387226,-0.0957865857669323,-0.0857011911937378,0.0671943033001988,5
2.26754792010906,0.0189902644311377,-0.0712588829880478,-0.0340308776908024,0.0118979005666004,5
2.26950105273849,-0.124301564231537,0.239504258456175,0.0641989073385519,-0.124469526888668,5
2.27145418536791,-0.0952394392814371,0.0563932123207171,0.00148200205479452,-0.211893109244533,5
2.27340731799734,0.0751445108982036,0.0170189960557769,-0.106706452837573,0.031137769194831,5
2.27536045062676,0.0313653014770459,-0.062409244123506,-0.025668225146771,0.0843935798011928,5
2.27731358325618,-0.0323701037125748,0.115803545109562,0.0651792325831703,-0.122544325387674,5
2.27926671588561,-0.0532838553293413,-0.0228772153685259,0.0510482028375734,-0.147584091282306,5
2.28121984851503,-0.0278689813173653,0.124307210438247,-0.0373603969667319,0.066951375666004,5
2.28317298114446,0.105658217325349,-0.143646258227092,0.0822153725048924,0.121652605695825,5
2.28512611377388,-0.018323918243513,0.0818617203286853,0.130926777495108,-0.112572146003976,5
2.28707924640331,-0.0121272510978044,0.12074428999004,-0.00312672211350294,0.0339071442246521,5
2.28903237903273,0.0151478428742515,0.0929207340537849,-0.0950202586105675,-0.319649734582505,5
2.29098551166215,0.099504243752495,-0.0479754709960159,-0.0687905807240705,0.22856505750497,5
2.29293864429158,0.0225216328143713,0.0575950151294821,0.0159178890410959,0.0299413505964215,5
2.294891776921,-0.0198364905389222,-0.0534078624800797,0.119963872015656,-0.0165671449701789,5
2.29684490955043,-0.0274847391616766,0.253106481155378,-0.00116009403131116,0.0443833984493042,5
2.29879804217985,-0.013517841756487,-0.0979170543824701,-0.0955223764187867,0.0485010218489066,5
2.30075117480928,0.0139219274251497,-0.0962418141035856,0.041513942074364,-0.0647700607852883,5
2.3027043074387,-0.11597631752495,-0.200525521464143,-0.0387173105675147,0.2483029277833,5
2.30465744006813,-0.0862310954091816,-0.0500513122111554,-0.0545340215264188,-0.0939760356063618,5
2.30661057269755,0.020374756007984,-0.028843741434263,-0.145243994618395,0.0748829629224652,5
2.30856370532697,0.034012302994012,0.117484855099602,-0.000305298238747555,-0.023144410666004,5
2.3105168379564,-0.0387863378043912,-0.14024721998008,0.095862217221135,0.0912076999403579,5
2.31246997058582,-0.0651709658283433,0.0645326949800797,-0.0915233667318982,-0.122769033449304,5
2.31442310321525,-0.0271736859880239,-0.154486762350598,-0.114280063111546,0.280764132902584,5
2.31637623584467,0.0525901062674651,0.0756948937948207,0.0972669515655577,-0.104506948548708,5
2.3183293684741,0.0281388871856287,-0.0670100851792829,0.13234346702544,0.0701640936282306,5
2.32028250110352,-0.1075229900998,-0.0249894748505976,0.0264504078277887,-0.0278389871968191,5
2.32223563373294,0.115386252854291,-0.057037549750996,-0.135374988649706,0.132766544960239,5
2.32418876636237,0.11211714499002,0.0154772894223108,-0.00382610048923679,-0.0135184031610338,5
2.32614189899179,0.0523827374850299,0.0178930344621514,0.220237993835616,-0.104950291481113,5
2.32809503162122,-0.0307965405988024,0.156197472848606,0.0462601508806262,0.149558917673956,5
2.33004816425064,-0.0117857025149701,-0.0254325637649402,-0.0492139637964775,0.042840807972167,5
2.33200129688007,0.145094880479042,0.00985673689243028,-0.0840812635029354,0.0584732012326044,5
2.33395442950949,0.039452683992016,0.0169340200996016,0.173355732289628,-0.0636283009045726,5
2.33590756213891,-0.0799002484630739,0.0662443535258964,0.100698089921722,-0.0525993863121272,5
2.33786069476834,-0.00570491792415169,-0.0065679014940239,-0.103705701174168,0.0867985633797217,5
2.33981382739776,0.0316336610778443,-0.0418207838844621,-0.0166480373776908,0.0321580652584493,5
2.34176696002719,0.0780537729341317,0.0600593178585657,0.0553998905088063,-0.0233387527733598,5
2.34372009265661,-0.094977178762475,0.00826040285856574,0.0786646822896282,-0.0137491844135189,5
2.34567322528604,-0.121538680159681,0.0141540923904382,-0.0968912452054795,0.0016524275944334,5
2.34762635791546,0.0478450205988024,-0.0516597856673307,-0.0992763047945206,0.0185358981709742,5
2.34957949054489,0.00818269141716567,0.0483933330179283,0.0472524313111546,-0.030098214194831,5
2.35153262317431,-0.036938316007984,-0.0129896558964143,0.0993830194716243,0.00750698357852883,5
2.35348575580373,-0.0609321039520958,0.0506087775896414,0.000429945694716242,-0.061727392166998,5
2.35543888843316,0.0881843478642714,0.00682795102589641,-0.0351307547945206,0.0789945131312127,5
2.35739202106258,0.0398186289021956,-0.00537216839641434,0.0494103423679061,-0.0850241522862823,5
2.35934515369201,-0.0625727569660679,0.000994958605577689,0.0954138977495108,0.0283866137375745,5
2.36129828632143,-0.027807990499002,-0.0439269736553785,-0.0780319394324853,-0.0461618040059642,5
2.36325141895086,0.10301731489022,-0.127707196733068,-0.0438819508806262,0.059335594333996,5
2.36520455158028,0.141654998323353,-0.100775888336653,0.113412430136986,0.0685607712425447,5
2.3671576842097,0.0148001952095808,0.015817193247012,0.0909605909980431,-0.0222273588469185,5
2.36911081683913,-0.00611355640718562,0.109460696952191,-0.0137967255381605,0.101471392485089,5
2.37106394946855,0.0929599289421158,0.0235075172808765,-0.0245205272994129,-0.0875627460636183,5
2.37301708209798,0.072375527744511,-0.163603468505976,-0.0441868081213307,0.147579057455268,5
2.3749702147274,-0.0234776423952096,0.0405391267828685,0.11746523816047,-0.0268126179423459,5
2.37692334735683,0.00271791409181637,-0.0644061790936255,0.0465530529354207,0.0901570379224652,5
2.37887647998625,0.0228448841516966,-0.0442790169023904,-0.0693644296477495,-0.0306812405168986,5
2.38082961261567,0.0633610847904192,0.0237199571713147,0.013437187964775,0.208402063866799,5
2.3827827452451,-0.00324088886227545,-0.0814195794621514,0.00563642915851272,-0.0708796907852883,5
2.38473587787452,-0.0459039663073852,-0.0100215671414343,0.0451303858121331,0.126754086013916,5
2.38668901050395,-0.0269175245508982,0.0549364816434263,-0.0882177578277887,-0.150839321580517,5
2.38864214313337,0.0391721262275449,-0.0264401358167331,-0.0921390588062622,0.0650504669284294,5
2.3905952757628,-0.00793108279441117,0.150771151075697,0.0754786252446184,-0.023612046361829,5
2.39254840839222,-0.00727848103792415,-0.0729159141334661,0.0981755456947163,0.139489567236581,5
2.39450154102164,-0.0710321834730539,-0.143178890468127,-0.0828917225048924,-0.198556382127237,5
2.39645467365107,2.82190019960105e-05,-0.0830341226294821,-0.0721201,0.402094339801193,5
2.39840780628049,-0.032504283512974,-0.133958999223108,0.13237933258317,-0.128423174135189,5
2.40036093890992,0.0205821247904192,-0.0916349033366534,0.165632682191781,0.246426311809145,5
2.40231407153934,-0.060005043512974,0.0546329960856574,-0.107441696771037,-0.189361571172962,5
2.40426720416877,0.0628670591616766,-0.031490135498008,-0.0849958352250489,0.027190195139165,5
2.40622033679819,0.0739063972854291,0.111651862679283,0.0550113469667319,0.109293662306163,5
2.40817346942762,0.0273947992015968,-0.0420028752191235,0.216376468786693,0.0633196075347913,5
2.41012660205704,-0.0724227741317365,0.174443024581673,-0.146313983757339,-0.33423146582505,5
2.41207973468646,0.0514251816367265,0.10527259625498,-0.00734092514677104,0.0480637521073559,5
2.41403286731589,0.0382450657884232,-0.165406172719124,0.0245435556751468,-0.0569295713916501,5
2.41598599994531,0.0630561306986028,-0.0698264311553785,0.170647882681018,0.236690986868787,5
2.41793913257474,-0.0204707950499002,-0.0117635742430279,-0.0828618345401174,-0.105065682107356,5
2.41989226520416,-0.0478861679041916,0.0637921902191235,-0.0451731109589041,0.00788352141153081,5
2.42184539783359,0.0154527969660679,0.0295711587250996,0.0309634905088063,0.106615385139165,5
2.42379853046301,-0.0127615556087824,-0.121698182689243,0.144137257925636,-0.00423856753479125,5
2.42575166309243,-0.110993367664671,0.098808353874502,-0.106939578962818,0.00368087333996024,5
2.42770479572186,-0.0313027643912176,-0.0278300996713147,-0.165466191585127,0.0389904049701789,5
2.42965792835128,0.00670671361277445,-0.0926728239442231,-0.0496921712328767,-0.0305172643638171,5
2.43161106098071,-0.00799817269461077,0.00176581192231076,0.0841580902152642,0.00770739887673956,5
2.43356419361013,-0.0347121511377246,0.0183846810657371,0.0540668872798434,-0.166259153161034,5
2.43551732623956,-0.069562304750499,-0.0550406147808765,-0.0817918454011742,-0.0865485231908549,5
2.43747045886898,0.129042097085828,-0.051969340936255,-0.0197982288649706,0.173177556908549,5
2.4394235914984,-0.030156137005988,-0.130820958555777,0.127800496379648,0.0279493439960239,5
2.44137672412783,0.0648126662674651,-0.132022761364542,0.0179203826810176,0.0350063917693837,5
2.44332985675725,-0.0130543115369261,0.0960041473207171,-0.155148866144814,-0.0728838437673956,5
2.44528298938668,0.0370740420758483,0.0102512681175299,-0.0842665688845401,0.000243447316103379,5
2.4472361220161,0.0264494415169661,0.06349477437251,0.128876463111546,-0.120546245596421,5
2.44918925464553,0.0111895387624751,-0.0970855039541833,0.178167694618395,0.156749575646123,5
2.45114238727495,0.0489916479840319,0.0529881043625498,-0.0866994492172211,-0.124184086918489,5
2.45309551990437,0.0636111471457086,-0.118978952091633,0.0128812718199609,0.203033363151093,5
2.4550486525338,-0.0578276712974052,-0.0825849640039841,0.0864714186888454,-0.120461220924453,5
2.45700178516322,-0.00961442938123752,-0.0284977678984064,0.0944036845401174,0.0838834317693837,5
2.45895491779265,0.00815219600798403,-0.0533228865239044,-0.129080583268102,-0.0282701837475149,5
2.46090805042207,0.0362689632734531,0.0238534908167331,-0.0619163488258317,-0.0720821825745527,5
2.4628611830515,-0.0589925959281437,-0.0148409177988048,0.127836361937378,0.0717977819681909,5
2.46481431568092,-0.0320102578842315,-0.0540573215737052,0.125684428473581,-0.0991078818787276,5
2.46676744831034,-0.0243864055888223,0.114043328874502,-0.0193439318003914,0.0415289987475149,5
2.46872058093977,-0.0402806128542914,0.0630638248804781,-0.180344420450098,-0.00623057413518887,5
2.47067371356919,-0.0186959622355289,-0.12893934809761,0.0324817991193738,0.0517076666202783,5
2.47262684619862,-0.00775420942115768,0.111305889143426,-0.0117643439334638,0.0730367129025845,5
2.47457997882804,0.0538526162075848,-0.11700022625498,0.0752454991193738,-0.0162209730914513,5
2.47653311145747,-0.0497646851097804,-0.00128725278884462,-0.145255949804305,-0.110355431341948,5
2.47848624408689,-0.0517834811976048,0.0247214595119522,0.0359547806262231,0.210132923260437,5
2.48043937671632,0.0168128922155689,0.0307668918227092,0.199645186105675,-0.163981706590457,5
2.48239250934574,0.0501138790419162,-0.0189622516733068,-0.0147292300391389,0.274362989741551,5
2.48434564197516,0.0692101042714571,-0.0589312996314741,-0.0991985960861057,-0.014119649055666,5
2.48629877460459,-0.0318028891017964,-0.00429175981075697,-0.0417061070450098,0.0694656766799205,5
2.48825190723401,0.0350735432335329,0.305366694203187,0.320978367906067,-0.0528180211829026,5
2.49020503986344,0.142899211017964,-0.204173417868526,-0.0769679278864971,0.161681006620278,5
2.49215817249286,0.0107565039520958,-0.127160922729084,-0.108840453522505,0.078745512306163,5
2.49411130512229,-0.116031209261477,0.0352099203884462,-0.0233847846379648,0.0571674651988071,5
2.49606443775171,-0.0514785271057884,0.176992303266932,0.150527304794521,-0.243941337385686,5
2.49801757038113,0.0576889386826347,-0.0108409781474104,0.0675045162426615,0.0376603761729622,5
2.49997070301056,-0.0391827781237525,-0.067301431314741,-0.16392397260274,0.107168045506958,5
2.50192383563998,-0.00185639728542914,-0.11066951751992,0.00791389207436399,0.146012174214712,6
2.50387696826941,0.0344758332135729,0.145709011972112,0.0421894100782779,-0.111357507833002,6
2.50583010089883,-0.0158232946906188,0.199110330717131,-0.0225060784735812,-0.17419681360835,6
2.50778323352826,-0.0554124348902196,-0.18651662811753,-0.130855928375734,0.0370712766600398,6
2.50973636615768,-0.0669396995608782,-0.0463063004282869,-0.0795861136007828,0.341453529115308,6
2.5116894987871,0.000369767584830344,-0.0112658579282869,0.084881378962818,-0.0607981939662028,6
2.51364263141653,-8.15644710578829e-05,0.204961532270916,0.148769892465753,-0.352572502206759,6
2.51559576404595,-0.0474775294211577,0.0679195938047809,0.00511637857142857,0.0441951295328032,6
2.51754889667538,-0.00457048870259481,-0.183572818207171,-0.0675472413894325,0.00266665046719682,6
2.5195020293048,0.0531939153692615,-0.0356782361952191,0.106974562524462,0.362691477534791,6
2.52145516193423,-0.0252463761277445,0.182916341354582,0.109688389726027,-0.27430729166004,6
2.52340829456365,-0.0298816783233533,0.0804474776294821,-0.134532148043053,0.018074335666004,6
2.52536142719307,-0.0270578034331337,-0.0287951837450199,-0.129271866242661,-0.116173548180915,6
2.5273145598225,0.0243269610379242,-0.0721996882171315,0.0143756700587084,0.118458107306163,6
2.52926769245192,-0.00767492135728542,0.110025180089641,0.173062830234834,-0.0431373549602386,6
2.53122082508135,0.0660324826347305,-0.0351258924800797,-0.131728656947162,0.0927806563717694,6
2.53317395771077,-0.0280885482634731,-0.122863567231076,-0.150593940313112,0.101611075874751,6
2.5351270903402,-0.00701012143712575,0.0826811313346613,0.0982711871819961,-0.0394934404473161,6
2.53708022296962,0.0140805035528942,0.051853068376494,-0.044025413111546,0.0500557587077535,6
2.53903335559905,0.00327293053892216,-0.0866031127888446,-0.033002731702544,-0.112985122982107,6
2.54098648822847,-0.0460747405988024,0.0212435150199203,-0.146588953033268,0.187832166441352,6
2.54293962085789,0.0318227326147705,0.00617242222111554,0.164245880626223,-0.0794368166998012,6
2.54489275348732,0.0033705158483034,0.0906870803486056,0.0412628831702544,-0.0329951262326044,6
2.54684588611674,0.00110775648702595,0.205799152410359,-0.0175147883561644,-0.0356491106361829,6
2.54879901874617,-0.0387009506586826,-0.091179675,-0.155884110078278,-0.110009259463221,6
2.55075215137559,-0.0640914283433134,-0.106171861553785,-0.0743138766144814,0.25771637360835,6
2.55270528400502,0.00780454834331338,-0.00566958424302789,0.151920083953033,0.0297713012524851,6
2.55465841663444,-0.0101328513373253,0.0754035476593626,0.0539054922700587,-0.0159841186481113,6
2.55661154926386,0.00650544391217565,0.120641104900398,-0.0307312463796478,-0.0800319894035785,6
2.55856468189329,-0.0445682673852295,-0.02037649437251,-0.0461235482387476,-0.0881457723856859,6
2.56051781452271,-0.0395853175249501,0.00236671332669323,-0.0347481888454012,0.138706125616302,6
2.56247094715214,0.0132998210778443,-0.0999139893525896,-0.00885923375733855,-0.187618565397614,6
2.56442407978156,0.0473570940518962,0.0246122047111554,-0.0325723450097847,0.0365307626739563,6
2.56637721241099,0.0528218713772455,-0.0415112286155378,-0.117567739236791,-0.103091895079523,6
2.56833034504041,0.0704360197205589,-0.0607522129780876,0.114500352054795,0.12189553333002,6
2.57028347766983,0.0422033699001996,-0.0257057007669323,0.142720568395303,-0.0383091682306163,6
2.57223661029926,0.144594755768463,0.158394708286853,-0.0100965954990215,-0.00907890064612326,6
2.57418974292868,-0.0546073560878243,-0.126912064571713,-0.0982481588062622,-0.0362746492942346,6
2.57614287555811,-0.0465260726546906,-0.207463201314741,0.0919170058708415,0.204071878787276,6
2.57809600818753,-0.024715756007984,0.15441904748008,-0.0593938045988258,-0.013178304473161,6
2.58004914081696,0.200291571097804,-0.124878711334661,-0.136582462426615,0.00686929853876739,6
2.58200227344638,0.00308385900199601,0.124009794591633,-0.0768304432485323,-0.216970296799205,6
2.5839554060758,-0.0912262434331337,0.119682090537849,0.00490716281800391,0.114880997892644,6
2.58590853870523,0.0546454968463074,-0.130936283067729,0.0739722718199609,-0.0536500483300199,6
2.58786167133465,-0.0139020839121756,0.0111920733466135,-0.0239705887475538,0.387032826481113,6
2.58981480396408,-0.112676714251497,0.00248203783864542,0.0630033887475538,-0.262968644333996,6
2.5917679365935,-0.157639145548902,0.179213817549801,0.0479518096868885,-0.0779063726043737,6
2.59372106922293,0.0267604946906188,-0.0389680196414343,0.116455024951076,0.0484524363220676,6
2.59567420185235,0.105011714650699,-0.209836458376494,0.00139831575342466,0.0855899983996024,6
2.59762733448178,0.0647211800399202,-0.00163929603585657,-0.0944404320939335,0.019246461500994,6
2.5995804671112,-0.166860957285429,-0.0391986686653386,-0.0192064471624266,-0.0504616231312127,6
2.60153359974062,0.0261383883433134,0.10431358189243,0.0678273062622309,-0.0744203610536779,6
2.60348673237005,0.0172337288622754,-0.086882319501992,0.0373654925636008,0.126505085188867,6
2.60543986499947,0.0545113170459082,-0.0564548574800797,-0.0472832012720157,0.00151274420477137,6
2.6073929976289,0.019740451497006,0.0343540911155378,0.0249320992172211,0.142173917594433,6
2.60934613025832,-0.112493741796407,0.165126017958167,0.282548422798434,-0.300798550168986,6
2.61129926288775,0.141819673532934,-0.049371504561753,-0.0273837943248532,0.154532860984095,6
2.61325239551717,0.0890504174850299,-0.129789107659363,-0.0296194140900196,0.133780767833002,6
2.61520552814659,0.0145379346906188,-0.100417775378486,-0.0731362908023483,0.0975845503379722,6
2.61715866077602,0.0188194901397206,0.0698497619521912,0.113860749608611,-0.0432770383499006,6
2.61911179340544,0.0622510518962076,0.106359074551793,-0.0584134793542074,-0.171718951739563,6
2.62106492603487,0.0440208962874251,0.0986262625398406,-0.104034468786693,0.0138048824950298,6
2.62301805866429,-0.0318089881836327,-0.0294507125498008,0.0352852902152642,0.0234369631908549,6
2.62497119129372,-0.139079639520958,-0.0413594858366534,-0.0326261433463797,0.0492540975149105,6
2.62692432392314,0.0105430360878244,0.0509122631474104,-0.0359975057729941,-0.204751036799205,6
2.62887745655256,0.0588965568862275,0.121557631284861,0.0455727276908024,0.146765249880716,6
2.63083058918199,0.056389834251497,-0.157624803017928,-0.00793868444227006,0.0108958240755467,6
2.63278372181141,-0.0520823362075848,-0.0971522707768924,0.0377958792563601,0.159269949850895,6
2.63473685444084,0.0416971461077844,-0.0543183191533865,0.103925990117417,0.0539486740457256,6
2.63668998707026,0.0721742580439122,0.0448182731474104,0.00588748806262231,-0.117503576978131,6
2.63864311969969,0.0747358724151697,0.0721016247908366,-0.0399845602739726,-0.0139860388568588,6
2.64059625232911,-0.0660614317764471,0.0303298726195219,0.0985521340508806,0.0590501543638171,6
2.64254938495854,-0.0339314686626746,-0.0294203639940239,0.101301826810176,-0.00533781507952286,6
2.64450251758796,0.052663295249501,0.0792578142430279,-0.0469723664383562,0.0696114332604374,6
2.64645565021738,0.131079190419162,0.0276834785557769,-0.125942346966732,-0.0797222566699801,6
2.64840878284681,-0.0161892396007984,-0.0553987277390438,-0.00984553659491194,-0.0555205911133201,6
2.65036191547623,-0.0469103148103792,0.0866750012749004,0.133969372309198,-0.075592486888668,6
2.65231504810566,0.130182625389222,0.0468394869621514,-0.0595073788649707,0.147591203836978,6
2.65426818073508,0.107006114411178,0.0540685129482072,-0.0773385386497065,-0.181417837534791,6
2.65622131336451,-0.00103302123752495,-0.164853829003984,0.0859274577299413,0.272923643508946,6
2.65817444599393,-0.242080933572854,0.123572775388446,0.096525730039139,-0.230197706481113,6
2.66012757862335,0.0700029849101796,0.20205414062749,0.00788400410958904,0.0727937852683897,6
2.66208071125278,0.110891229540918,0.0695948340836653,-0.0301753302348337,-0.275187904333996,6
2.6640338438822,-0.162811166946108,0.00283408108565737,0.0673012780821918,0.0698604340854871,6
2.66598697651163,-0.0606637443512974,-0.105959421663347,-0.0311197899217221,0.0356865891451292,6
2.66794010914105,-0.0111026053493014,-0.0251290782071713,0.00170915058708415,0.108473781540755,6
2.66989324177048,0.0272667184830339,0.300098184920319,-0.120407095890411,-0.215786024582505,6
2.6718463743999,-0.122508434171657,0.204293864043825,0.0820001791585127,-0.278279158479125,6
2.67379950702932,-0.0982096921357285,0.0476710373904383,-0.00678500900195695,0.0239896235586481,6
2.67575263965875,0.134512973493014,-0.0302579841334661,-0.0369838086105675,0.0821039868489066,6
2.67770577228817,0.192698214211577,-0.0390529955976096,-0.0479526916829746,-0.0647700607852883,6
2.6796589049176,-0.0361576335329341,0.084295674501992,-0.0410844373776908,-0.144632520526839,6
2.68161203754702,-0.121916823233533,0.0796219969123506,0.134274229549902,0.0112359227634195,6
2.68356517017645,0.00535271744510978,-0.106954854292829,0.045793898630137,0.102941104671968,6
2.68551830280587,0.0713935755688623,-0.178286099790837,-0.051371874853229,0.0389478926341948,6
2.68747143543529,-0.0230080130938124,-0.0350469862350598,-0.0828319465753425,0.121318580198807,6
2.68942456806472,-0.0698733579241517,-0.111130815567729,0.0769072699608611,-0.129929325467197,6
2.69137770069414,0.0374826805588822,0.00801154470119522,-0.0504333927592955,0.15950073110338,6
2.69333083332357,0.152901705229541,-0.0105010743227092,-0.102199347749511,0.0754902820079523,6
2.69528396595299,-0.0298084893413174,-0.0805212622111554,-0.164820611545988,0.0203700018091451,6
2.69723709858242,-0.0493255512175649,0.0500442944521912,0.0758910791585127,0.138772930715706,6
2.69919023121184,0.00184574538922156,-0.165545776075697,0.0183687021526419,-0.0541055376441352,6
2.70114336384127,0.0860740655489022,-0.0263005324601594,-0.140085331898239,0.198782129552684,6
2.70309649647069,0.0459604043113772,-0.084011346125498,0.0289311089041096,-0.0790542056759443,6
2.70504962910011,-0.0804918594011976,-0.0584517924501992,-0.00416682328767123,0.109791663956262,6
2.70700276172954,-0.0288997261477046,0.0117808353286853,0.0499543033268102,-0.160501768230616,6
2.70895589435896,0.0269373680638723,0.0903046885458167,-0.12071793072407,0.232385094552684,6
2.71090902698839,0.0282608688223553,-0.157952567420319,-0.141651461252446,-0.100820521699801,6
2.71286215961781,-0.0969898757684631,-0.204865364940239,-0.00375436937377691,0.285094317982107,6
2.71481529224724,-0.0372615673453094,-0.0733347242031873,-0.0084049366927593,-0.0311185102584493,6
2.71676842487666,0.0977294109381237,-0.107810683565737,-0.0266485503913894,0.301042517166998,6
2.71872155750608,0.0340427984031936,-0.0260880925697211,-0.0264214018590998,-0.110974896809145,6
2.72067469013551,0.0963510184431138,0.0558469383167331,0.00392683757338552,0.0589165441650099,6
2.72262782276493,-0.0772532469461078,-0.0312716258964143,0.00805735430528376,-0.0428094026540755,6
2.72458095539436,0.0154040043113772,-0.105176428924303,-0.0190211417808219,0.307589416908549,6
2.72653408802378,0.111989064271457,-0.179754969890438,-0.0228408236790607,-0.132832310695825,6
2.72848722065321,0.0558836104590818,-0.0415415771713147,0.105533962622309,0.214171595178926,6
2.73044035328263,-0.0162136359281437,-0.00741159134462151,0.132803741682975,-0.194335514483101,6
2.73239348591205,0.0072068383233533,-0.112053411663347,-0.035459522407045,0.0134161982803181,6
2.73434661854148,0.127962559600798,-0.0160912782968127,-0.105140323483366,0.15361580916501,6
2.7362997511709,0.0130497587225549,-0.0284127919422311,0.0263368335616438,0.00196216032803181,6
2.73825288380033,-0.024770647744511,0.103991887201195,0.0439049792563601,-0.160993696689861,6
2.74020601642975,-0.00883984598802395,-0.22179378935259,-0.0506366309197652,0.440021416689861,6
2.74215914905918,0.056780175489022,-0.227596433217131,-0.00487815684931507,-0.0653348675347912,6
2.7441122816886,-0.0378897727744511,0.0260689353884462,0.0120503863992172,0.317458352047714,6
2.74606541431802,-0.0731546639520958,-0.13503333809761,0.111278429452055,-0.160155596351889,6
2.74801854694745,-0.0605905553692615,-0.113904673565737,-0.064175878962818,0.100681877673956,6
2.74997167957687,-0.0197084098203593,0.230375412878486,-0.0105688253424658,-0.0568627662922465,6
2.7519248122063,0.0332438186826347,0.191080102858566,-0.0547551924657534,-0.104628412365805,6
2.75387794483572,-0.0358709766866267,-0.135895237081673,0.0133714344422701,-0.249814112942346,6
2.75583107746515,-0.0937756596407186,0.0268094401494024,-0.0270610043052838,0.292546123161034,6
2.75778421009457,0.0999799721357285,0.147778783476096,0.0294093163405088,-0.201738734135189,6
2.75973734272399,0.0616777382035928,0.0848540879282869,0.0267373322896282,-0.152831328180915,6
2.76169047535342,-0.0176774155688623,0.130443688416335,0.104147161056751,-0.0600329719184891,6
2.76364360798284,-0.0871398586027944,-0.224312719482072,0.0559139635029354,0.110538666431412,6
2.76559674061227,0.0382389667065868,-0.0313869504083665,-0.053201018297456,0.152802001590457,6
2.76754987324169,0.0775719454690619,-0.258005686105578,-0.0117703215264188,0.226591270477137,6
2.76950300587112,0.0522546567664671,0.0303662908864542,0.0265042061643836,-0.207283557385686,6
2.77145613850054,-0.0157135112175649,0.0288610025199203,0.0239159084148728,0.365205778548708,6
2.77340927112997,-0.044482880239521,-0.0671193399800797,-0.0899751701565558,-0.218227447306163,6
2.77536240375939,0.153346938203593,-0.0618265518525896,-0.0636319180039139,0.244974819194831,6
2.77731553638881,0.027193529500998,-0.0786882094422311,-0.0142928657534247,-0.0785440576441352,6
2.77926866901824,0.00388893780439122,-0.0673924769820717,-0.0372049795499022,0.053651087693837,6
2.78122180164766,-0.0760761241516966,0.0588210967828685,-0.0611691497064579,-0.156323412922465,6
2.78317493427709,-0.00608306099800399,-0.0632772128187251,0.0591358861056752,0.0547078229025845,6
2.78512806690651,0.0135071898602794,-0.0497478266533865,-0.0503736168297456,0.0565054873956262,6
2.78708119953594,-0.0862493926546906,-0.108793976772908,-0.094745289334638,0.0199023661133201,6
2.78903433216536,-0.0438485757285429,0.142916944840637,-0.0759816250489237,-0.00774887184890656,6
2.79098746479478,0.0911850961277445,0.141120310338645,-0.028160881409002,-0.188681373797217,6
2.79294059742421,0.00742030618762475,0.0863411671613546,-0.0561360164383562,0.118664595795229,6
2.79489373005363,0.0285963183233533,-0.119737665986056,0.00114725684931507,-0.18615492640159,6
2.79684686268306,0.0154405988023952,-0.0637688594223108,-0.0775417768101761,0.121859094184891,6
2.79879999531248,0.00636516502994012,-0.04170545937251,-0.0212567615459883,0.00256340622266401,6
2.80075312794191,0.0213018164471058,-0.000297889870517928,0.0115183806262231,-0.059802190666004,6
2.80270626057133,-0.00189909085828343,0.112270973217131,0.103740684735812,-0.0367422849900596,6
2.80465939320075,0.00263862602794411,0.0125395492231076,0.0498706170254403,-0.0626140780318091,6
2.80661252583018,0.0343782479041916,-0.108259842191235,0.0247288610567515,0.123960418220676,6
2.8085656584596,0.067587748502994,0.0713914685856574,0.16623044148728,-0.0834694154274354,6
2.81051879108903,0.0828903448303393,0.11617379749004,0.0559737394324853,-0.0879757230417495,6
2.81247192371845,0.0674718659481038,0.114771694213147,-0.0314485575342466,-0.10839986388668,6
2.81442505634788,-0.0782047037125748,0.0915247004880478,-0.0150460424657534,0.0415289987475149,6
2.8163781889773,0.0266019185628743,0.0519259049103586,0.004853364481409,-0.0175813678429423,6
2.81833132160672,7.70116566866305e-05,0.0219476015139442,0.0974701897260274,-0.175982331719682,6
2.82028445423615,-0.0560955320558882,0.18345654564741,0.0450048563600783,0.096558181083499,6
2.82223758686557,-0.139616358722555,0.135208411673307,-0.0432602812133072,-0.1652813694334,6
2.824190719495,0.081133809261477,0.197016280368526,0.0557645236790607,-0.0372463598310139,6
2.82614385212442,0.0405505187225549,0.033522540687251,0.00505062504892368,-0.207739046699801,6
2.82809698475385,-0.120873880239521,-0.032036409501992,-0.0871836342465754,0.0529223047912525,6
2.83005011738327,-0.0643597879441118,0.0642716974003984,0.00307204178082192,0.0154021316898608,6
2.8320032500127,-0.0078700919760479,-0.0530618889442231,-0.0522565586105675,0.0306640603081511,6
2.83395638264212,0.0753701769261477,-0.0828641707171315,0.0959279707436399,-0.104288313677932,6
2.83590951527154,-0.044092539001996,-0.0225251721215139,0.0289012209393346,0.138621100944334,6
2.83786264790097,-0.0570652860678643,0.0752639443027888,-0.0455437217221135,-0.158667664592445,6
2.83981578053039,0.0712471976047904,-0.00856483646414342,-0.037318553816047,0.13364108444334,6
2.84176891315982,0.0792064994011976,-0.00327811804780876,0.0405874151663405,-0.124354136262425,6
2.84372204578924,-0.0485509678243513,0.0589910486952191,-0.0563512097847358,0.00427604604373757,6
2.84567517841867,-0.00933997069860279,-0.068952392749004,-0.110896745499022,0.0823590608648111,6
2.84762831104809,0.0314384904590818,-0.0464641129183267,-0.0386156914872798,-0.0432345260139165,6
2.84958144367751,0.127309957844311,0.135906428456175,0.115456766927593,-0.00993522055666004,6
2.85153457630694,0.0192586240319361,0.0162481427390438,0.053122427592955,-0.0924698842743539,6
2.85348770893636,-0.113408604071856,-0.0671739673804781,-0.152727940998043,0.121093872137177,6
2.85544084156579,0.0548894601197605,-0.0954102636752988,0.0658726333659491,0.0706499488966203,6
2.85739397419521,0.0677524237125749,-0.090281357749004,-0.0421245385518591,0.0321762848310139,6
2.85934710682464,0.0222593722954092,0.0373221798705179,0.00717267054794521,-0.141729535298211,6
2.86130023945406,-0.0254903394011976,0.141296331962151,-0.109282795401174,-0.0243043901192843,6
2.86325337208348,-0.00591838578842315,-0.0266343665737052,0.0719219574363992,0.0740813017296223,6
2.86520650471291,0.0250222563672655,-0.073395421314741,-0.0838242270058708,0.0710993650198807,6
2.86715963734233,-0.039304759760479,0.114377162988048,-0.00665947954990215,-0.0132208168091451,6
2.86911276997176,-0.083815859001996,0.151232449123506,-0.0443362479452055,-0.115742351630219,6
2.87106590260118,0.0129460743313373,-0.0273202439342629,-0.0192482903131115,-0.0414854470477137,6
2.87301903523061,0.0160810023952096,0.0457165903984064,0.00241450655577299,0.0443105201590457,6
2.87497216786003,-0.0201475437125748,-0.0913860451792829,0.0175617271037182,0.181588926242545,6
2.87692530048946,0.0236316657085828,-0.0405340051195219,0.0927957120352251,-0.153566184274354,6
2.87887843311888,-0.0155915295808383,-0.0250380325398406,-0.112247681506849,0.263880662326044,6
2.8808315657483,-0.0220260609181637,-0.112799986135458,0.101206185322896,-0.158776982027833,6
2.88278469837773,-0.0350415015568862,-0.184762481593626,0.0124209971624266,0.15549849833002,6
2.88473783100715,0.0443502467065868,0.0497529483167331,0.0473181848336595,0.0682328189363817,6
2.88669096363658,0.0596833384431138,-0.245386756613546,-0.162142649902153,0.0645889044234592,6
2.888644096266,0.0968877376447106,0.232615136294821,0.0658367678082192,-0.0982637083499006,6
2.89059722889543,0.0879769790818363,-0.119003230936255,0.00665859755381605,0.232585509850895,6
2.89255036152485,0.0700212821556886,0.00895841964143426,-0.0539422398238748,-0.120862051520875,6
2.89450349415427,0.0521997650299401,-0.122851427808765,-0.0905729294520548,0.250707911361829,6
2.8964566267837,0.0308712758483034,0.0718042089442231,-0.0781275809197652,-0.143029198141153,6
2.89840975941312,-0.0177079109780439,-0.167081412998008,0.0196538846379648,0.0574771979324056,6
2.90036289204255,0.00465742211576847,0.253919822450199,-0.00812398982387476,-0.021498575944334,6
2.90231602467197,-0.00155144319361277,-0.190735077370518,-0.0443780910958904,0.000304179224652087,6
2.9042691573014,-0.047184773493014,0.0806781266533864,-0.139780474657534,0.0616191140954274,6
2.90622228993082,0.122564872175649,-0.193867048326693,-0.00735885792563601,0.260479675447316,6
2.90817542256024,-0.100222389141717,-0.0417600867729084,0.00784216095890411,-0.130548790934394,6
2.91012855518967,0.0059809228742515,0.00937116,0.0632484700587084,0.068597210387674,6
2.91208168781909,-0.0740756253093812,-0.0539784153286853,-0.0654491062622309,0.0991939459145129,6
2.91403482044852,0.0516813430738523,-0.187536339591633,0.081247002446184,-0.0456516559741551,6
2.91598795307794,0.0203381615169661,0.141083892071713,0.0861486286692759,0.201448260337972,6
2.91794108570737,-0.0425677685429142,-0.0740327409860558,0.0810736522504893,-0.144395666083499,6
2.91989421833679,-0.043104487744511,0.276711587838645,0.0303358432485323,-0.205583063946322,6
2.92184735096621,-0.0120479630339321,0.0773944129183267,0.102622874853229,0.0332390932306163,6
2.92380048359564,0.132786933333333,0.00554117226095618,0.110543185518591,-0.0517066272564612,6
2.92575361622506,-0.0760212324151697,-0.0220942226294821,-0.0837704286692759,-0.020557231361829,6
2.92770674885449,0.0127813991217565,0.0479138258366534,0.0601460993150685,-0.142743758170974,6
2.92965988148391,0.0619156023952096,-0.153910139790837,-0.025106331409002,0.0843328478926441,6
2.93161301411334,0.0382084712974052,0.0645509041135458,0.0633082459882583,0.277405658359841,6
2.93356614674276,0.0760166796007984,0.0119386478187251,-0.0511925470645793,-0.238135366928429,6
2.93551927937219,-0.0577056896606786,0.118425660328685,0.00894203806262231,0.0905639417097416,6
2.93747241200161,-0.0721056218762475,0.0430094992231076,0.0863219788649707,-0.0126499368687873,6
2.93942554463103,0.0242964656287425,-0.0697657340438247,-0.0442764720156556,0.226111488399602,6
2.94137867726046,-0.0230812020758483,0.0460322153784861,-0.106760251174168,-0.092840348916501,6
2.94333180988988,-0.0122248364071856,0.118644169930279,-0.0522087378669276,0.0165864039065606,6
2.94528494251931,-0.00582689956087824,0.129017306294821,0.0886711728962818,-0.0966907519184891,6
2.94723807514873,0.0129643715768463,0.175602339412351,-0.00186545,-0.0817081900795229,6
2.94919120777816,0.0463934391217565,0.134838159292829,-0.0840214875733855,-0.107531397594433,6
2.95114434040758,-0.0716786861477046,0.0211039116633466,-0.0896822681017613,-0.0984762700298211,6
2.953097473037,-0.0710199853093812,0.0177291522609562,0.122743452739726,0.0991757263419483,6
2.95505060566643,0.0313226079041916,-0.00934782920318725,0.0791907104696673,-0.10579446500994,6
2.95700373829585,0.0390928381636726,0.118686657908367,0.000734802935420742,0.0330994098409543,6
2.95895687092528,-0.0618347680638723,-0.0266525757071713,0.0557585460861057,-0.0212009895924453,6
2.9609100035547,0.00730442363273453,0.0426210377091633,0.039672843444227,-0.0473278566500994,6
2.96286313618413,-0.0250817009181637,0.00970499411354582,0.0657351487279844,0.0868592952882704,6
2.96481626881355,0.104975120159681,0.0392826965737052,0.00347254050880626,0.0129242698210736,6
2.96676940144297,-0.0147559553692615,-0.155500404113546,-0.124944088943249,0.01450329944334,6
2.9687225340724,-0.00507061341317365,0.0997309499701195,0.10518726223092,-0.0692338560636183,6
2.97067566670182,0.0510958312175649,-0.107252270139442,0.0513411048923679,0.140789230079523,6
2.97262879933125,0.0445332191616766,-0.000358586982071713,0.0462960164383562,0.00962652718687873,6
2.97458193196067,0.0905873861077844,-0.130044035527888,-0.142045982387476,0.190133905775348,6
2.9765350645901,-0.0130055188822355,0.00388414111553785,-0.0468049938356164,-0.14413451887674,6
2.97848819721952,-0.0886585299800399,0.0606298707071713,0.0913850000978474,0.0323827733200795,6
2.98044132984894,-0.00908380926147704,0.0714521656972112,-0.0619342816046967,-0.219399573141153,6
2.98239446247837,0.0171544407984032,-0.0277572631374502,-0.11180533962818,0.0327532379622266,6
2.98434759510779,-0.0316260157285429,-0.00126904365537849,-0.0258953736790607,0.251023717286282,6
2.98630072773722,-0.146270457005988,-0.0991856240139442,0.155405020645793,-0.0899677296421471,6
2.98825386036664,-0.0172016871856287,0.286453474243028,0.0265042061643836,-0.135911418459245,6
2.99020699299607,0.0113786102994012,0.204736952958167,-0.0170365809197652,-0.179298293926441,6
2.99216012562549,-0.155358088942116,-0.0083463268625498,0.00311388493150685,-0.144535349473161,6
2.99411325825492,-0.101747159600798,-0.113965370677291,0.0147163928571429,0.123632465914513,6
2.99606639088434,0.0325058297804391,0.072684317061753,0.0589505807240705,-0.101227425487078,6
2.99801952351376,0.103328368063872,-0.116381115717131,0.00468599187866928,-0.0103724902982107,6
2.99997265614319,-0.0608711131337325,0.17736255564741,0.0313221460861057,-0.0386128277733598,6
3.00192578877261,-0.11393312510978,-0.138207797031873,0.0257629846379648,-0.0108097600397614,7
3.00387892140204,0.0110492598802395,0.041941230059761,0.0284708342465753,-0.0463865120675944,7
3.00583205403146,0.114636065788423,0.19957162876494,0.0578686363992172,0.0809440073956262,7
3.00778518666089,-0.0107305613572854,-0.0300273351095618,-0.0664473642857143,-0.262343105675944,7
3.00973831929031,-0.0333337586427146,0.177368625358566,-0.0315382214285714,0.0365003967196819,7
3.01169145191973,0.0575730561277445,-0.0748400125697211,0.0727408876712329,0.0129789285387674,7
3.01364458454916,0.064550405748503,0.134370791533865,-0.0701235839530333,-0.131611599333996,7
3.01559771717858,0.0173862059081836,0.113624518804781,-0.0291053410958904,0.196723317852883,7
3.01755084980801,-0.199094604790419,-0.0883147713346614,0.111314295009785,-0.19367353667992,7
3.01950398243743,-0.0496488025548902,0.00889772252988048,0.171616252739726,0.280697327803181,7
3.02145711506686,0.118216226826347,-0.00747835816733068,-0.0767407793542075,-0.237072558528827,7
3.02341024769628,-0.0180860540518962,-0.0429072621812749,-0.0711039091976517,0.07677172527833,7
3.0253633803257,-0.106827694770459,0.0353252449003984,-0.0149205130136986,-0.0164821202982107,7
3.02731651295513,0.0144464484630739,-0.0989549749900398,0.0700808588062622,0.249584371053678,7
3.02926964558455,0.094789653493014,-0.0778566590139442,-0.0622032732876712,-0.135741369115308,7
3.03122277821398,0.0109638727345309,-0.251250097589641,-0.113855654011742,0.355087842584493,7
3.0331759108434,-0.0936597770858283,-0.264324255418327,-0.0899811477495108,-0.00886026577534791,7
3.03512904347283,0.0175142866267465,-0.342957363436255,0.0362895258317025,0.357675021888668,7
3.03708217610225,0.0784380150898204,0.070359617689243,-0.0375158143835616,0.0184630198807157,7
3.03903530873167,0.113873680558882,-0.237301901354582,0.0222959807240705,-0.0068682591749503,7
3.0409884413611,0.00313265165668663,0.0357926126593626,0.0300847843444227,-0.0408052496719682,7
3.04294157399052,0.0776207381237525,-0.012406963625498,0.139851323776908,0.222935209582505,7
3.04489470661995,0.117118392095808,0.0585297506474104,-0.0725624418786693,-0.0891114097316103,7
3.04684783924937,0.127675902754491,-0.100690912380478,0.000806534050880625,0.10405249859841,7
3.0488009718788,-0.0275274327345309,0.23148617001992,-0.000616133072407045,-0.18733919861829,7
3.05075410450822,0.0710459279041916,-0.043550651563745,0.0303119328767123,0.0161612805467197,7
3.05270723713764,0.0455029731736527,0.113242127001992,0.0291941229941292,-0.0689362697117296,7
3.05466036976707,0.089294380758483,-0.103385864133466,-0.0815228537181996,0.15408951805169,7
3.05661350239649,0.00399262219560878,0.112216345816733,-0.0138565014677104,-0.113610661640159,7
3.05856663502592,-0.0620238396007984,0.058699702559761,0.110931729060665,0.0898230124254473,7
3.06051976765534,-0.0587303354091816,0.141812257410359,0.0583050006849315,-0.282506099314115,7
3.06247290028477,0.0357505413173653,-0.0154600283366534,-0.117872596477495,0.198095858986083,7
3.06442603291419,-0.028161737245509,0.0813579343027888,-0.00660568121330724,-0.0536500483300199,7
3.06637916554362,-0.0938061550499002,-0.0235084653286853,0.0707682819960861,-0.178016850656064,7
3.06833229817304,0.0219422200399202,0.230496807101594,-0.0342879141878669,0.04951524472167,7
3.07028543080246,0.0690881226347305,-0.0435263727191235,-0.135482585322896,0.011023361083499,7
3.07223856343189,-0.0403903963273453,0.00149267492031873,-0.0607865837573386,-0.096034847306163,7
3.07419169606131,-0.100759108343313,-0.00994873060756972,0.129366625733855,0.12751930806163,7
3.07614482869074,-0.0502709089021956,0.15666484060757,0.0489799556751468,-0.0290050398409543,7
3.07809796132016,0.0981990402395209,-0.145600705219124,-0.00506943982387476,0.0212506144831014,7
3.08005109394959,0.0884893019560878,0.0570851593924303,-0.0919537534246575,-0.093356570139165,7
3.08200422657901,0.0323472536526946,-0.0792526925796813,0.0624713829745597,-0.0180064912027833,7
3.08395735920843,0.00992702882235529,0.0797676699800797,-0.00450156849315069,0.00816896138170974,7
3.08591049183786,0.0293709017165669,-0.00685317791832669,-0.0358062227984344,0.00907386681908549,7
3.08786362446728,0.124717848063872,-0.068278654810757,-0.165980264579256,-0.0415765449105368,7
3.08981675709671,-0.0283630069461078,0.000485102868525896,0.0974104137964775,-0.0701023223558648,7
3.09176988972613,-0.0380422498203593,-0.116690670986056,-0.070302911741683,0.190097466630219,7
3.09372302235556,0.0702103536926148,-0.0200912179482072,-0.0216632378669276,-0.0480262735984095,7
3.09567615498498,0.0767302721756487,0.0816735592828685,-0.00366470547945206,0.137011705367793,7
3.0976292876144,0.00144930506986028,-0.088405817001992,0.00187054559686888,-0.0956643826640159,7
3.09958242024383,-0.0950930613173653,0.0808784271215139,0.0708878338551859,0.0519991797813121,7
3.10153555287325,-0.0194156538922156,0.102729387280876,-0.0597345273972603,-0.0133483538170974,7
3.10348868550268,0.143313948582834,-0.095653052121514,-0.0655865909001957,-0.094486183638171,7
3.1054418181321,-0.0148840360878243,0.183802519183267,-0.0524597967710372,-0.0441151386878728,7
3.10739495076153,-0.157328092375249,0.11248341310757,0.188102454109589,-0.109523404194831,7
3.10934808339095,0.0553163958483034,-0.0682725850996016,-0.138543112915851,-0.115165398499006,7
3.11130121602038,0.0226741098602794,-0.0672650130478088,-0.0330744628180039,0.292922660994036,7
3.1132543486498,-0.0434643335728543,-0.124866571912351,0.00782422818003914,-0.0729688684393638,7
3.11520748127922,-0.204199536287425,0.0814004222808765,0.140969133659491,-0.133421410208748,7
3.11716061390865,-0.0863530770459082,0.0145243447709163,-0.0387591537181996,-0.000151310089463222,7
3.11911374653807,0.183427609820359,0.0200052939442231,-0.0353579033268102,-0.0914556614015904,7
3.1210668791675,0.0315360757684631,-0.0689706018824701,-0.0358600211350294,0.123286294035785,7
3.12302001179692,0.0279925092215569,-0.142565849641434,0.0618018925636008,-0.122447154333996,7
3.12497314442635,0.0567679773253493,0.00469141269920319,-0.076400056555773,0.184607302097415,7
3.12692627705577,0.0797310204391218,0.16886496002988,-0.0943089250489237,-0.355220413419483,7
3.12887940968519,0.0701920564471058,-0.000983767231075697,0.0205863891389432,0.220627397057654,7
3.13083254231462,-0.0744598674650699,-0.115877329691235,0.0491652610567515,-0.0559032021371769,7
3.13278567494404,-0.0269114254690619,-0.0654440997011952,0.0438033601761253,0.282907969274354,7
3.13473880757347,0.0251869315768463,-0.0475263123705179,-0.0207307333659491,-0.0506984775745527,7
3.13669194020289,0.0754738613173653,0.126261657430279,0.0770148666340509,0.0565540729224652,7
3.13864507283232,-0.0788024137325349,-0.0489405550697211,0.0843553507827789,0.00662637090457256,7
3.14059820546174,-0.0202390299401198,0.094189303685259,0.112503836007828,-0.0903381942842942,7
3.14255133809116,-0.0404330899001996,-0.00313851469123506,-0.133468136497065,0.042039146779324,7
3.14450447072059,0.102626973652695,-0.0741602049203187,-0.0800284554794521,0.0885901546819085,7
3.14645760335001,-0.0678423636726547,0.0427060136653386,-0.0018056740704501,0.000364911133200793,7
3.14841073597944,-0.061383436007984,0.0663232597709163,0.112330485812133,-0.0571360598807157,7
3.15036386860886,0.050632300998004,-0.0083463268625498,-0.11176947407045,0.0309069879423459,7
3.15231700123829,0.113696807185629,0.115912799910359,-0.0497280367906067,0.132037762057654,7
3.15427013386771,-0.0424274896606786,-0.17520875623506,0.113209191976517,-0.159864083190855,7
3.15622326649713,-0.106736208542914,-0.1159501662251,0.00783020577299413,0.142653699671968,7
3.15817639912656,-0.0594683243113772,-0.0949550353386454,-0.00282784246575343,-0.0111984442544732,7
3.16012953175598,0.0322557674251497,0.0418016267031873,-0.0749953222113503,-0.0728413314314115,7
3.16208266438541,0.0172032334530938,-0.0084313028187251,0.226412847358121,0.0302693029025845,7
3.16403579701483,-0.035559923512974,-0.0879445189541833,0.0816654339530333,0.0180621892842942,7
3.16598892964426,0.0158431382035928,-0.119464528984064,-0.037928268297456,0.27628211805169,7
3.16794206227368,0.189795051257485,0.114134374541833,-0.10870296888454,-0.0553080294333996,7
3.16989519490311,0.0631842114171657,-0.072770241065737,0.170785367318982,-0.0402343697316103,7
3.17184832753253,-0.114604024111776,0.101418329671315,0.123281436105675,-0.232772739403579,7
3.17380146016195,0.0715460526147705,0.0138627462549801,-0.13606241183953,0.210126850069582,7
3.17575459279138,0.087653727744511,0.0176745248605578,0.0149674517612524,-0.244579022425447,7
3.1777077254208,0.0447954796806387,0.082772177001992,0.107070204011742,0.124841030894632,7
3.17966085805023,-0.089292834491018,0.0877493401494024,0.166236419080235,-0.0181097354473161,7
3.18161399067965,-0.175832706666667,-0.0798475242729084,-0.00801041555772994,-0.0956947486182902,7
3.18356712330908,0.0885624909381237,0.121333051972112,-0.0860120260273973,0.031374623638171,7
3.1855202559385,0.0668924531736527,-0.0508403746613546,0.0484539274951076,-0.0447406773459245,7
3.18747338856792,-0.0677081838722555,0.181483889521912,0.087356102446184,-0.0296730908349901,7
3.18942652119735,-0.12658871992016,0.054724041752988,0.0124090419765166,-0.0763698553180914,7
3.19137965382677,0.0509250569261477,-0.0851645912450199,-0.155178754109589,0.0921915568588469,7
3.1933327864562,0.0987906511776447,-0.123318795567729,-0.0208682180039139,0.112639990467197,7
3.19528591908562,-0.106656920479042,0.00881274657370518,0.162811258317025,0.121780142703777,7
3.19723905171505,-0.135822729820359,0.0568666497908367,-0.0594416253424658,-0.167965719791252,7
3.19919218434447,0.0864583077045908,0.0170007869223108,-0.0819831283757339,-0.089081043777336,7
3.20114531697389,0.139367842634731,0.11072319687251,0.0146625945205479,-0.00573864567594434,7
3.20309844960332,-0.0384630864670659,-0.176131352330677,0.18755251555773,0.206574033419483,7
3.20505158223274,-0.0145546856686627,-0.0614198812051793,-0.0449878055772994,0.0531773788071571,7
3.20700471486217,0.0462958538123752,-0.00563316597609562,-0.197852790215264,0.0797961743240557,7
3.20895784749159,0.0347624900598802,0.00530445352589641,-0.130234258708415,-0.257806432107356,7
3.21091098012102,0.00771916119760479,0.0208550535059761,0.069590696183953,0.129729949532803,7
3.21286411275044,-0.0457148947704591,-0.097146201065737,0.0589206927592955,-0.0186138102882704,7
3.21481724537986,0.11829551489022,0.128562077958167,-0.12397571888454,-0.0195187157256461,7
3.21677037800929,0.0235950712175649,0.0851757826195219,-0.0656403892367906,-0.0472367587872763,7
3.21872351063871,-0.0991245544111776,0.0173528301693227,0.203614307827789,-0.0703027376540755,7
3.22067664326814,-0.135237217964072,0.0319626249203187,0.054359789334638,0.0591169594632207,7
3.22262977589756,0.0443136522155689,-0.180076664581673,-0.120436983855186,-0.0470363434890656,7
3.22458290852699,0.0243147628742515,0.0426088982868526,-0.114626763502935,0.0637204381312127,7
3.22653604115641,-0.112810894051896,-0.0390712047310757,0.171436924951076,0.108570952594433,7
3.22848917378584,-0.0586449482634731,-0.00234338252988048,0.128165129549902,-0.0727745263320079,7
3.23044230641526,0.104127347784431,-0.198977745119522,-0.190356888649706,0.15078570222664,7
3.23239543904468,0.0554627738123752,0.019811063187251,-0.13637324667319,0.00337114060636183,7
3.23434857167411,-0.000368221317365268,-0.0290136933466135,0.0201799128180039,-0.0560732514811133,7
3.23630170430353,-0.00324698794411177,0.1023045075,0.212999128767123,-0.112699683011928,7
3.23825483693296,-0.0270639025149701,-0.0816745073306773,-0.129516947553816,0.0585278599502982,7
3.24020796956238,0.166667332934132,-0.0919990860059761,-0.12102876555773,0.0833246982107356,7
3.24216110219181,0.0572071112175649,-0.00185173592629482,0.127973846575342,-0.0272559608747515,7
3.24411423482123,0.025162535249501,0.107500180249004,0.253706536790607,-0.0019429013916501,7
3.24606736745065,0.0690515281437126,-0.0621664556772908,-0.0775537319960861,-0.0235573876441352,7
3.24802050008008,0.0905263952894211,-0.0435688606972112,-0.235924079745597,0.254121044622266,7
3.2499736327095,0.0680146842315369,-0.0720843637051793,0.0753232078277887,-0.0858683258151093,7
3.25192676533893,-0.0789670889421158,0.195468504023904,0.215276591682975,-0.13918486833002,7
3.25387989796835,0.0802982350499002,0.0988022841633466,0.00245634970645793,-0.127293560636183,7
3.25583303059778,-0.0113160732135729,-0.00529326215139442,-0.263128105283757,0.0297166425347912,7
3.2577861632272,0.0650810258682635,0.021207096752988,0.103382029158513,0.113514529950298,7
3.25973929585662,-0.0337301989620758,0.0438289102290837,0.0968903632093934,-0.0562918863518887,7
3.26169242848605,-0.0974412078243513,0.012818755936255,0.0985521340508806,0.0251981885387674,7
3.26364556111547,-0.0689584956487026,0.018239007998008,-0.231697921526419,0.0682571116998012,7
3.2655986937449,-0.0298267865868263,0.0844352778585657,0.0688793626223092,-0.0528544603280318,7
3.26755182637432,-0.00984009540918163,0.0482840782171315,0.141847839823875,-0.135316245755467,7
3.26950495900375,-0.0109806237125748,0.0700318532868526,0.0208494032289628,0.0212992000099404,7
3.27145809163317,-0.0246547651896208,0.0494433930478088,-0.152955089530333,-0.0646668165407555,7
3.27341122426259,0.0352687138522954,-0.0728248684661355,-0.0367686152641879,0.08006339472167,7
3.27536435689202,-0.0186105750898204,0.117818689213147,0.199119157925636,-0.0120304714015905,7
3.27731748952144,-0.0477519881037924,-0.0888003482270916,0.0611862004892368,-0.0412121534592445,7
3.27927062215087,0.0608970557285429,-0.00736303365537849,-0.130150572407045,-0.0237335101789264,7
3.28122375478029,0.0136962613972056,0.0424935737749004,-0.0854082891389433,0.143485726819085,7
3.28317688740972,0.0604152282634731,0.0156715201792829,0.266217638845401,-0.206992044224652,7
3.28513002003914,0.0178680333732535,0.0131101020717131,0.0693037717221135,0.0442619346322068,7
3.28708315266857,-0.0038995897005988,0.0112831190139442,-0.0590889473581213,-0.0833540248011928,7
3.28903628529799,-0.00512550514970059,0.0363388866633466,-0.0870043064579256,-0.151003297733598,7
3.29098941792741,-0.0196230226746507,0.149271932420319,0.238093063992172,0.0010694012723658,7
3.29294255055684,-0.0170126156487026,-0.0366493899800797,0.176595587671233,0.030056741222664,7
3.29489568318626,0.0110553589620759,-0.0995862249501992,-0.184038572896282,0.132620788379722,7
3.29684881581569,0.0267239001996008,0.0584811929581673,-0.0646839743639922,0.100833707445328,7
3.29880194844511,-0.044818329740519,-0.040455098874502,0.118391765068493,-0.08513346972167,7
3.30075508107454,-0.0720507301397205,-0.0384520941932271,0.153019961056751,-0.0380540942147117,7
3.30270821370396,-0.0768324102994012,0.0524236212250996,-0.114011071428571,0.129104410874751,7
3.30466134633338,0.00161398027944112,-0.0731101448904382,-0.0878172590998043,-0.0393537570576541,7
3.30661447896281,-0.0663236922954092,0.181392843854582,0.0308499162426615,-0.0901742181312127,7
3.30856761159223,0.0140073145708583,0.138844168655378,0.201151539530333,-0.0821636793936382,7
3.31052074422166,-0.00199667616766467,-0.036509786623506,-0.132051446966732,-0.131963844403579,7
3.31247387685108,0.0708263609580838,-0.144647760567729,-0.129140359197652,0.268836386063618,7
3.31442700948051,0.0032607323752495,-0.0753073803286853,-0.048909106555773,0.00195001394632207,7
3.31638014210993,-0.000874445109780436,-0.111294697768924,0.168179136790607,0.0432902240954274,7
3.31833327473935,-0.00452169604790419,0.0887811910458167,-0.017777802446184,0.0896468898906561,7
3.32028640736878,0.093728413253493,-0.212331109661355,-0.144203893444227,0.000121983499005962,7
3.3222395399982,0.0382694621157685,-0.173242169820717,-0.0239526559686888,0.0440372265705765,7
3.32419267262763,0.0232596217165669,-0.129194275966135,0.18143146037182,0.240948293658052,7
3.32614580525705,0.181469804550898,-0.154996618087649,-0.00228388150684932,-0.0679099004572565,7
3.32809893788648,0.0749859347704591,-0.109006416663347,-0.203471727592955,0.268089383588469,7
3.3300520705159,-0.0314308451097804,-0.0541605066633466,-0.0288542821917808,-0.0929010808250497,7
3.33200520314532,0.00982944351297405,-0.0928488455677291,0.0554118456947163,0.047304603250497,7
3.33395833577475,0.125724196566866,0.113005408266932,0.106896853816047,-0.00183358395626243,7
3.33591146840417,0.0424290359281437,-0.259498835049801,-0.272190136203523,0.307801978588469,7
3.3378646010336,0.0192586240319361,-0.0395446422011952,0.0789575843444227,-0.0909272937972167,7
3.33981773366302,-0.0208306408782435,-0.0602059389741036,-0.00167416702544031,0.264834153290258,7
3.34177086629245,0.000144101556886232,-0.0753559380179283,0.173313889138943,-0.26561655554672,7
3.34372399892187,-0.0913848195608782,0.106413701952191,-0.110496246771037,0.0794317828727634,7
3.34567713155129,-0.104552737245509,-0.0624213835458167,-0.157031807925636,-0.0105911251689861,7
3.34763026418072,0.00804241253493014,0.0612671903784861,0.138153687377691,-0.0358373795526839,7
3.34958339681014,0.0457164410379241,0.161053241772908,0.165704413307241,-0.161625308538767,7
3.35153652943957,-0.00932167345309381,0.146807629691235,-0.0663337900195695,-0.082971413777336,7
3.35348966206899,0.00666402003992016,-0.0562059993227092,-0.100549532093933,0.0127420740954274,7
3.35544279469842,-0.027771396007984,-0.176410559043825,0.137579838454012,0.208481015347912,7
3.35739592732784,-0.053649800239521,0.144051980826693,0.167527579158513,-0.0824977048906561,7
3.35934905995727,0.0284072467864271,0.124064421992032,-0.0129957280821918,-0.0503340861232604,7
3.36130219258669,-0.044147430738523,0.0822076938645418,-0.0973993406066536,-0.227713771421471,7
3.36325532521611,0.0362323687824351,-0.0210805808665339,0.0171492731898239,-0.0892085807852883,7
3.36520845784554,0.0294379916167665,0.0100813162051793,0.237184469863014,0.290116846819085,7
3.36716159047496,0.130743740918164,-0.119944036165339,-0.0796757774951076,0.0188517040954274,7
3.36911472310439,0.0206492146906188,0.0489760252888446,-0.266678795499022,-0.112420316232604,7
3.37106785573381,0.0257053535329341,0.231898910378486,0.041490031702544,0.0561714618986083,7
3.37302098836324,-0.01118799249501,0.0458319149103586,0.0687119900195695,-0.26867137054672,7
3.37497412099266,0.0284926339321357,-0.0481393531972112,-0.000257477495107633,0.210667364055666,7
3.37692725362208,-0.0145363884231537,-0.0448374303286853,-0.0949903706457926,0.047353188777336,7
3.37888038625151,0.0240159078642715,0.156683049741036,0.0257330966731898,0.0380551335785288,7
3.38083351888093,0.0246319151297405,0.144070189960159,0.129318804990215,-0.175538988787276,7
3.38278665151036,-0.121758247105788,0.191183287948207,0.0653944259295499,-0.0240250233399602,7
3.38473978413978,-0.0294547425948104,-0.0707247484063745,-0.00186545,0.0601554750994036,7
3.38669291676921,-0.0785462522954092,-0.0606915158665339,-0.0780319394324853,0.0922522887673956,7
3.38864604939863,-0.035261068502994,0.17214867376494,0.170038168199609,-0.0617030994035785,7
3.39059918202805,-0.0725691520958084,0.0699893653087649,0.00790193688845401,-0.126072849274354,7
3.39255231465748,0.0266751075449102,0.0513674914840637,0.0504982642857143,-0.0199195463220676,7
3.3945054472869,0.0383487501796407,-0.153552026832669,-0.238177632289628,0.0948637608349901,7
3.39645857991633,-0.0398719743712575,0.0218990438247012,0.0861725390410959,0.0515376172763419,7
3.39841171254575,-0.0353403565668663,0.0272343199302789,0.0467144479452055,-0.0103907098707753,7
3.40036484517518,0.030249169500998,0.0374496438047809,-0.0327337400195695,-0.0317804880616302,7
3.4023179778046,0.00474890834331338,-0.0632104459960159,-0.0541992763209393,0.0799540772862823,7
3.40427111043403,0.0338354296207585,-0.0834772115438247,0.0368693523483366,0.0461446237972167,7
3.40622424306345,0.00155908854291418,0.0212799332868526,0.185830968786693,0.051489031749503,7
3.40817737569287,0.0383487501796407,0.0171707388346614,-0.11483597925636,-0.0385156567196819,7
3.4101305083223,0.0952409855489022,-0.0542819008864542,-0.0948827739726028,0.056377950387674,7
3.41208364095172,-0.0113038750499002,-0.100460263356574,-0.126791165166341,0.0134708569980119,7
3.41403677358115,0.0335121782834331,0.0538135850796813,0.0916539917808219,0.154095591242545,7
3.41598990621057,0.0412214177245509,-0.0716655536354582,0.013999081702544,-0.0979296828528827,7
3.41794303884,0.0883978157285429,-0.106851669203187,-0.0798192397260274,0.0392454789860835,7
3.41989617146942,-0.118330563113772,0.0877675492828685,0.0161928583170254,0.0981797230417495,7
3.42184930409884,-0.0871581558483034,0.171814839651394,0.124542708219178,-0.128411027753479,7
3.42380243672827,-0.0726850346506986,0.236159847609562,0.0439109568493151,-0.146569868409543,7
3.42575556935769,0.0590612320958084,0.061843812938247,-0.095976673483366,-0.011720738667992,7
3.42770870198712,-0.0513809417964072,-0.0517204827788845,-0.130993413013699,-0.100280007713718,7
3.42966183461654,-0.0877375686227545,0.125982450717131,0.0969082959882583,0.019295047027833,7
3.43161496724597,0.104566481676647,0.106140564950199,0.137753188649706,-0.0486578854473161,7
3.43356809987539,0.0493880883033932,-0.13079061,-0.11211617446184,-0.0754406571172962,7
3.43552123250481,0.0556945389221557,-0.0577234271115538,-0.0127924899217221,0.0031889448807157,7
3.43747436513424,-0.116201983552894,-0.0642605060258964,0.00351438365949119,0.229354572316103,7
3.43942749776366,0.101852390259481,-0.175882494173307,0.140736007534247,0.0792313675745527,7
3.44138063039309,0.0566520947704591,-0.162013204183267,-0.188958131898239,0.22082173916501,7
3.44333376302251,0.0749432411976048,-0.0790038344223108,-0.0434814521526419,-0.0527390697017893,7
3.44528689565194,-0.0826204389620758,-0.0369953635159363,0.103411917123288,0.020424660526839,7
3.44724002828136,0.0895383440319361,0.0997977167928287,0.232450216242661,-0.0533220960238569,7
3.44919316091078,0.0831343081037924,0.0920770442031872,-0.16966246183953,0.0543798705964215,7
3.45114629354021,-0.0248743321357285,0.0774429706075697,-0.101141313796478,-0.0407566641451292,7
3.45309942616963,-0.100448055169661,0.433334414492032,0.10493620332681,-0.266163142723658,7
3.45505255879906,-0.0812908391217565,0.147845550298805,0.123012444422701,-0.299814693250497,7
3.45700569142848,0.033603664510978,0.184112074452191,0.0695249426614482,-0.00790070162027833,7
3.45895882405791,-0.0388778240319361,0.0358654491932271,-0.161485114677104,0.0936066103280318,7
3.46091195668733,-0.0799917346906188,-0.112593615956175,0.24245072925636,0.281839087683897,7
3.46286508931676,-0.0220809526546906,-0.0706276330278884,-0.0836389216242662,-0.238190025646123,7
3.46481822194618,0.0824390127744511,0.172409671344622,0.0638342741682975,-0.000503555159045727,7
3.4667713545756,-0.0241485413972056,0.0406058936055777,-0.162913759393346,-0.154531821620278,7
3.46872448720503,-0.0603404930139721,-0.104344878496016,0.025003830332681,0.1865203572167,7
3.47067761983445,-0.0249780165269461,-0.0443761322808765,0.0418965080234834,-0.104670924701789,7
3.47263075246388,0.0876903222355289,0.120756429412351,0.0423866706457926,0.099612996083499,7
3.4745838850933,-0.0198913822754491,-0.0171109897709163,-0.0213583806262231,-0.273511703658052,7
3.47653701772273,-0.0872923356487026,-0.243954304780876,-0.03852005,0.238160699055666,7
3.47849015035215,-0.0341632337724551,-0.223523657031873,0.0567328937377691,0.169017421172962,7
3.48044328298157,0.128767638403194,-0.0573046170418327,0.0534093520547945,0.200069646013916,7
3.482396415611,0.0698871023552894,-0.181047818366534,-0.0448921640900196,0.109639834184891,7
3.48434954824042,0.0137145586427146,0.0071982034063745,-0.0893953436399217,0.153518638111332,7
3.48630268086985,0.0678439099401198,-0.252913198446215,0.0859573456947162,0.00676605429423459,7
3.48825581349927,0.0100673077045908,0.057176205059761,0.0398521712328767,0.0236859640159046,7
3.4902089461287,0.186702816766467,0.0962772843227092,0.000154976418786692,0.0513979338866799,7
3.49216207875812,-0.0561077302195609,0.0963986785458167,-0.0862451521526419,-0.202898713588469,7
3.49411521138754,0.0510165431536926,0.0837918884760956,0.172728085029354,-0.0150852864015905,7
3.49606834401697,-0.0737767702994012,-0.0166314825896414,-0.0412577875733855,-0.175538988787276,7
3.49802147664639,0.128663954011976,-0.0393868297111554,0.0301624930528376,0.0641455614910537,7
3.49997460927582,-0.0545402661876247,0.162607087828685,-0.168239794716243,0.0258966054870775,7
3.50192774190524,-0.080125914491018,-0.041577995438247,0.284096619373777,0.108534513449304,8
3.50388087453467,-0.102277779720559,-0.0394050388446215,-0.0212507839530333,-0.199503799900596,8
3.50583400716409,0.0774987564870259,0.189192422689243,0.037228007925636,0.148848354343936,8
3.50778713979351,-0.0954773034730539,-0.141564347300797,-0.121817807827789,-0.22918348360835,8
3.50974027242294,-0.177613638562874,-0.213526842758964,0.0202934870841487,0.195041043986083,8
3.51169340505236,-0.00988888806387225,0.174327700069721,-0.00204477778864971,0.161614201520875,8
3.51364653768179,0.0899896760878243,0.0153558951992032,0.0337669816046967,-0.32832225112326,8
3.51559967031121,0.0307370960479042,0.297354675478088,-0.0918999550880626,-0.195446908409543,8
3.51755280294064,-0.0563272971656687,-0.0480058195517928,-0.0333016113502935,0.236035082256461,8
3.51950593557006,-0.00115500287425149,-0.135318614521912,0.0912475154598826,-0.115797010347913,8
3.52145906819949,0.0235645758083832,-0.00528112272908366,-0.0550540721135029,0.467599776361829,8
3.52341220082891,0.061513062994012,0.0456923115537849,0.137215205283757,-0.609972550208748,8
3.52536533345833,-0.104571034491018,0.00436971800796813,-0.00655786046966732,0.287250300735586,8
3.52731846608776,-0.0248743321357285,0.0410489825199203,0.283289644324853,-0.0954943333200795,8
3.52927159871718,0.121918369500998,-0.36892965747012,-0.00619322729941292,0.320021238588469,8
3.53122473134661,0.0323838481437126,0.152379624531873,-0.0751088964774951,0.0165317451888668,8
3.53317786397603,-0.0729107006786427,0.0488000036653386,-0.0450714918786693,-0.00647957496023857,8
3.53513099660546,-0.0415553209580838,-0.0616808787848606,0.0709954305283757,-0.126376508817097,8
3.53708412923488,0.107067105229541,-0.0763695797808765,-0.0368881671232877,0.312332578966203,8
3.5390372618643,0.105023912814371,-0.257253041922311,-0.143050218003914,0.128248090964215,8
3.54099039449373,0.0229546676247505,-0.080788329501992,0.042721415851272,0.0646921486679921,8
3.54294352712315,-0.00509500974051896,0.18088298811753,-0.0674037791585127,-0.0233630455367793,8
3.54489665975258,0.0227838933333333,-0.029165436125498,0.0927478912915851,-0.244172118638171,8
3.546849792382,-0.031552826746507,-0.12213520189243,-0.126085809197652,0.114638070258449,8
3.54880292501143,0.029224523752495,-0.177448479651394,-0.082503178962818,0.477729858707753,8
3.55075605764085,-0.167696531497006,-0.0779780532370518,0.00299433307240704,-0.230701781322068,8
3.55270919027027,-0.0100047706187625,0.0343480214043825,0.00921700733855186,0.172473066769384,8
3.5546623228997,0.0932160903792415,-0.151542952440239,-0.00255885078277887,-0.272655383747515,8
3.55661545552912,0.0978757889021956,-0.129242833655379,-0.0743138766144814,0.241391636590457,8
3.55856858815855,0.0117384561277445,-0.0212262539342629,0.0104962122309198,0.0693199200994036,8
3.56052172078797,-0.00557073812375249,-0.0601391721513944,0.01341925518591,-0.0894940207554672,8
3.5624748534174,0.107445248303393,0.193671869521912,-0.0277484274951076,0.0148555445129225,8
3.56442798604682,0.00592603113772455,0.161308169641434,0.0234974769080235,-0.167716718966203,8
3.56638111867624,-0.0009110396007984,-0.0676716836952191,0.03480110518591,-0.0221727001292247,8
3.56833425130567,-0.0697757726147705,0.224378538256972,0.0675642921722114,-0.0295091146819085,8
3.57028738393509,0.134397090938124,-0.118268795886454,-0.0240004767123288,0.295424815626243,8
3.57224051656452,0.0822865357285429,0.00336821566733068,-0.089861595890411,-0.237600926133201,8
3.57419364919394,0.0586403954491018,0.269846744521912,0.0899264674168298,-0.0253914912823062,8
3.57614678182337,-0.134541922634731,0.0553977796912351,0.0135746726027397,-0.391070459035785,8
3.57809991445279,-0.00183810003992016,-0.0250744508067729,0.0868300742661448,0.282476772723658,8
3.58005304708221,0.0729488414371257,-0.0986332802988048,-0.122236239334638,0.00795639970178926,8
3.58200617971164,-0.0260270586027944,-0.068375770189243,0.0556629045988258,0.0436181764015904,8
3.58395931234106,-0.0959347346107784,0.221155521633466,0.0810198539138943,-0.217826616709742,8
3.58591244497049,-0.0435680179640719,0.01314045062749,0.0105978313111546,0.160047318280318,8
3.58786557759991,0.103407656127744,-0.208179427231076,-0.0708289399217221,-0.0400035884791252,8
3.58981871022934,0.0280230046307385,-0.299856344521912,-0.104207818982387,0.419044615477137,8
3.59177184285876,-0.0806077419560878,0.0219476015139442,-0.0171800431506849,-0.0278511335785288,8
3.59372497548819,-0.00873006251497006,-0.00214915177290837,0.0716230777886497,-0.0654381117793241,8
3.59567810811761,0.0484976223552894,0.209981183396414,0.0467622686888454,-0.205759186481113,8
3.59763124074703,0.0300357016367265,-0.0714713228784861,-0.09348999481409,-0.0612658296620278,8
3.59958437337646,-0.117934122794411,-0.0969519703087649,-0.0680015384540117,0.0610543073459245,8
3.60153750600588,-0.0501123327744511,0.179662976175299,0.0607558137964775,0.210800974254473,8
3.60349063863531,0.106213233772455,0.15113533374502,-0.0131989662426614,-0.436273218568588,8
3.60544377126473,0.0382877593612774,0.286587007888446,-0.0789345559686889,0.0967221572365805,8
3.60739690389416,-0.0149816213972056,0.0319869037649402,0.0671398830724071,-0.285372645397614,8
3.60935003652358,-0.14131800255489,-0.235808752410359,0.0568404904109589,0.304315967037773,8
3.611303169153,0.109281071936128,0.217222348804781,0.0703020297455969,-0.225897887355865,8
3.61325630178243,0.0456005584830339,0.199626256165339,-0.129702252935421,-0.0740316768389662,8
3.61520943441185,-0.0919520341716567,-0.0295478279282869,0.0271856517612524,-0.210933545089463,8
3.61716256704128,-0.129125937964072,0.173520428486056,0.0789755171232877,0.190911274204771,8
3.6191156996707,0.0162456776047904,-0.040728235876494,0.000388102544031311,-0.0990471499701789,8
3.62106883230013,0.105615523752495,0.341196199153386,-0.0145439246575342,-0.0911398554771372,8
3.62302196492955,-0.0695379084231537,0.273664592838645,0.0275323521526419,-0.182219498727634,8
3.62497509755897,-0.0335411274251497,-0.0546825018227092,0.121087659491194,-0.130609522842942,8
3.6269282301884,0.0442831568063872,0.0459351,-0.044049323483366,0.258159716540755,8
3.62888136281782,0.0372021227944112,0.147032209003984,-0.0164926199608611,-0.085510007554672,8
3.63083449544725,-0.217483336526946,0.0330308940836653,-0.00208064334637965,-0.314104911332008,8
3.63278762807667,-0.0265881741317365,-0.0871979444820717,0.0466247840508806,0.316359104502982,8
3.6347407607061,0.0303284575648703,-0.360498828675299,-0.11466860665362,0.111303888479125,8
3.63669389333552,0.167539501636727,-0.0583425376494024,-0.127795400782779,0.290985313111332,8
3.63864702596495,0.0101404966866267,-0.138098542231076,-0.131573239530333,-0.0687358544135189,8
3.64060015859437,-0.0362918133333333,-0.0661239073505976,-0.00822560890410959,-0.0415826181013917,8
3.64255329122379,0.0367080971656687,0.122807991782869,-0.0686889616438356,0.0743910344632207,8
3.64450642385322,0.158756823792415,-0.0697414551992032,0.0318003535225049,0.00246623516898608,8
3.64645955648264,-0.0511857711776447,0.0332069157071713,0.0394815604696673,-0.0651283790457256,8
3.64841268911207,-0.036920018762475,-0.092879194123506,0.131871237181996,0.240134486083499,8
3.65036582174149,-0.014188740758483,-0.110141452649402,-0.0185548895303327,-0.103875336699801,8
3.65231895437092,0.106810943792415,-0.0215358092031872,-0.0910033161448141,0.18627135639165,8
3.65427208700034,0.0368483760479042,0.110195132001992,-0.0314904006849315,-0.120200073717694,8
3.65622521962976,-0.114549132375249,-0.0775592431673307,0.0645814732876712,-0.0100809771371769,8
3.65817835225919,-0.0200072648303393,0.100404687908367,0.0507313904109589,-0.0349081813518887,8
3.66013148488861,0.112013460598802,-0.253125638336653,-0.127783445596869,0.445384044214712,8
3.66208461751804,0.0679963869860279,-0.0704819599601594,0.143509610665362,-0.17068043610338,8
3.66403775014746,-0.117098548582834,0.0407758455179283,-0.0917684480430529,0.0265099977634195,8
3.66599088277689,-0.0122797281437126,-0.0213294390239044,0.0779892142857143,-0.089597265,8
3.66794401540631,-0.0346633584830339,0.00980817920318725,-0.102283034050881,-0.0283673548011928,8
3.66989714803573,0.0428010799201597,0.02380493312749,-0.00263058189823875,0.178285110417495,8
3.67185028066516,-0.0428727226347305,-0.0414444617928287,-0.137497034148728,-0.233027813419483,8
3.67380341329458,-0.0248499358083832,0.153563218207171,0.059817331702544,0.0517380325745527,8
3.67575654592401,0.0925878849500998,0.073309497310757,-0.113054656555773,-0.256373159065606,8
3.67770967855343,0.141173170858283,0.142273555458167,-0.0182739426614481,-0.0595592630318091,8
3.67966281118286,-0.140592211816367,0.0575707362848606,0.101086633463796,-0.0989256861530815,8
3.68161594381228,-0.170593595369261,0.113169290468127,0.111678928180039,0.0254289697912525,8
3.6835690764417,0.0453260998003992,-0.098348003874502,0.0357395872798434,-0.0157411910139165,8
3.68552220907113,0.0624218261876247,0.0854671287549801,-0.0326201657534247,-0.0286527947713718,8
3.68747534170055,0.0824329136926148,-0.005863815,0.16004961037182,-0.023144410666004,8
3.68942847432998,-0.195465651097804,0.273707080816733,-0.0669494820939335,-0.183950358121272,8
3.6913816069594,0.114947118962076,-0.0315629720318725,0.0503308916829746,0.111473937823062,8
3.69333473958883,0.0669473449101796,0.0104879868525896,-0.121805852641879,-0.145173034512922,8
3.69528787221825,-0.016610076247505,-0.0469982475,0.117028873874755,0.338119347335984,8
3.69724100484768,-0.0809553896207585,0.00845463361553785,0.0545331395303327,0.0234248168091451,8
3.6991941374771,0.0118421405189621,0.0574068540836653,0.15088596037182,-0.157787051918489,8
3.70114727010652,0.0189597690219561,0.10054429126494,-0.155136910958904,0.361215692157058,8
3.70310040273595,0.109116396726547,-0.353882843515936,0.165202295499022,-0.0825098512723658,8
3.70505353536537,-0.214647263473054,-0.0546278744223108,-0.0141613587084149,0.211547976729622,8
3.7070066679948,0.042508323992016,0.0451581769721116,0.0183627245596869,-0.0854917879821074,8
3.70895980062422,0.131426838083832,-0.0762117672908366,-0.2037048537182,0.055108653499006,8
3.71091293325365,0.0486500994011976,-0.00859518501992032,-0.0909256074363992,0.166418095487078,8
3.71286606588307,-0.0790402779241517,0.14904735310757,0.0948161384540118,-0.371271856848907,8
3.71481919851249,-0.00777860574850299,0.225586410776892,-0.0705898362035225,0.0674615236978131,8
3.71677233114192,0.0726194910179641,-0.0139547399701195,-0.0358301331702544,-0.0648125731212724,8
3.71872546377134,-0.0489962007984032,-0.114062486055777,0.0243582502935421,0.036968032415507,8
3.72067859640077,-0.059053586746507,0.129339000986056,0.140467015851272,0.184006056202783,8
3.72263172903019,-0.0284178986826347,-0.120994096195219,-0.0534401220156556,-0.0833843907554672,8
3.72458486165962,0.0768827492215569,0.0916460947111554,-0.0686112529354208,-0.0649158173658052,8
3.72653799428904,-0.0384996809580838,0.291776610926295,0.0878881082191781,-0.203542471819085,8
3.72849112691846,-0.0446414563672655,0.0307668918227092,0.163881247455969,0.0992060922962227,8
3.73044425954789,-0.0653478392015968,-0.179123719930279,0.0472404761252446,-0.191134942902584,8
3.73239739217731,0.0559628985229541,-0.0307799792928287,-0.124693030039139,0.527420706282306,8
3.73435052480674,0.0307614923752495,0.0140266284561753,0.0603134719178082,-0.160477475467197,8
3.73630365743616,0.0344575359680639,-0.0309499312051793,0.159296433659491,0.0649532958747515,8
3.73825679006559,0.0220215081037924,-0.0805091227888446,-0.0521668947162427,0.0425189288568588,8
3.74020992269501,-0.00479615473053892,-0.14434427500996,-0.10869101369863,0.114522679632207,8
3.74216305532443,0.0730586249101796,-0.0689281139043825,-0.0567038877690802,0.114413362196819,8
3.74411618795386,-0.0257891944111776,-0.163494213705179,0.0709476097847358,0.0495334642942346,8
3.74606932058328,-0.0475080248303393,-0.00909290133466135,0.0752574543052838,-0.202674005526839,8
3.74802245321271,-0.0231482919760479,0.0583112410458167,-0.183715782876712,0.253580530636183,8
3.74997558584213,0.00159568303393214,-0.108429794103586,-0.0824673134050881,-0.155297043667992,8
3.75192871847156,0.0413373002794411,0.126024938695219,0.123753665949119,0.121476483161034,8
3.75388185110098,-0.0826082407984032,-0.0476173580378486,0.100578538062622,-0.0515608706759443,8
3.75583498373041,-0.0797416723353293,-0.0871311776593625,-0.0789106455968689,-0.0431616477236581,8
3.75778811635983,0.0582683514570858,-0.200422336374502,0.00506855782778865,0.154156323151093,8
3.75974124898925,-0.0115661355688623,-0.319607184621514,0.0356738337573386,0.262514194383698,8
3.76169438161868,-0.0168601386027944,-0.258218125996016,0.137818942172211,0.0961391309145129,8
3.7636475142481,-0.163451570538922,0.0698983196414343,-0.109599607827789,0.040727337554672,8
3.76560064687753,0.0574449754091816,-0.112763567868526,-0.0665908265166341,0.0054542450695825,8
3.76755377950695,0.0704177224750499,-0.174043371693227,0.0413286366927593,0.135438748936382,8
3.76950691213638,0.0473204995608782,0.0327698965039841,0.143156932681018,-0.02544615,8
3.7714600447658,-0.0608650140518962,0.0435861217828685,-0.180978045303327,0.186447478926441,8
3.77341317739522,0.0245648252295409,-0.198267588914343,-0.0748159944227006,-0.14434708055666,8
3.77536631002465,0.0691491134530938,-0.0688006499701195,-0.0459442204500979,0.329914466491054,8
3.77731944265407,0.030621213493014,-0.0434171179183267,0.0450586546966732,-0.240637521560636,8
3.7792725752835,-0.116244677125748,0.134364721822709,-0.0839378012720157,0.0574711247415507,8
3.78122570791292,0.0343050589221557,0.144573975986056,-0.0768065328767123,-0.106298539850895,8
3.78317884054235,0.080517801996008,-0.0392654354880478,0.172632443542074,0.194864921451292,8
3.78513197317177,-0.0234166515768463,0.00599033088645418,0.0351179176125245,-0.23339827806163,8
3.78708510580119,-0.105461500439122,-0.0141914587051793,0.00371164422700587,0.176742519940358,8
3.78903823843062,-0.0822605931337325,0.00929832346613546,-0.0768722863992172,-0.220595991739563,8
3.79099137106004,0.0939174847904192,-0.0190472276294821,0.0485854345401174,0.163035328180914,8
3.79294450368947,-0.00566832343313373,-0.0680722846314741,-0.056249590704501,-0.0322906360934394,8
3.79489763631889,-0.0299609663872255,-0.0481636320418327,-0.046470248630137,0.117437811242545,8
3.79685076894832,-0.0246669633532934,-0.0457357475796813,-0.0621195869863014,0.0420998786878728,8
3.79880390157774,0.10361502491018,0.0469730206075697,0.0726153582191781,-0.281959512137177,8
3.80075703420717,-0.021977268263473,0.0702382234661355,0.047646952446184,0.145052610059642,8
3.80271016683659,0.00846324918163673,0.0720045094123506,-0.000640043444227007,-0.12952242167992,8
3.80466329946601,0.00779235017964072,-0.124010742639442,-0.0476837,0.096418497693837,8
3.80661643209544,0.0330181526546906,0.0941832339741036,-0.0129598625244618,-0.0886437740357853,8
3.80856956472486,0.103755303792415,-0.0116725285756972,0.0615209456947163,0.137029924940358,8
3.81052269735429,-0.132925665948104,0.0483022873505976,0.0604210685909981,-0.144389592892644,8
3.81247582998371,0.0147514025548902,-0.0218028764940239,0.0100598479452055,0.0763587483001988,8
3.81442896261314,-0.00141726339321357,-0.142693313575697,-0.117352545890411,-0.053267437306163,8
3.81638209524256,0.0552493059481038,-0.142638686175299,0.147024435322896,0.296426892117296,8
3.81833522787198,-0.108828193612774,0.0547665297310757,-0.126677590900196,-0.0117996901491054,8
3.82028836050141,0.0399589077844311,-0.150741750567729,-0.080082253816047,-0.00559896228628231,8
3.82224149313083,-0.00491203728542914,0.172330765099602,-0.153522960861057,-0.103632409065606,8
3.82419462576026,0.000955279441117767,-0.0229014942131474,0.217045959197652,0.119350866361829,8
3.82614775838968,0.025125940758483,-0.103555816045817,-0.0738296915851272,-0.211522644602386,8
3.82810089101911,-0.0955626906187625,0.260444761942231,-0.032404972407045,0.0284048333101392,8
3.83005402364853,-0.118641616287425,0.414105569551793,-0.0861016899217221,-0.410759743787276,8
3.83200715627795,-0.0882803869061876,0.115220852838645,0.107141935127202,0.00754342272365805,8
3.83396028890738,0.0544564253093812,-0.12053279814741,-0.106915668590998,0.120188966699801,8
3.8359134215368,-0.0175249385229541,-0.0546521532669323,-0.0506724964774951,0.1132047972167,8
3.83786655416623,-0.0126883666267465,0.167784551444223,0.0774392757338552,-0.12580562887674,8
3.83981968679565,-0.0294364453493014,0.102856851215139,0.0836081516634051,-0.163756998528827,8
3.84177281942508,0.0545967041916168,-0.000425353804780875,0.135690919080235,0.0236313052982107,8
3.8437259520545,-0.0327482467864271,-0.103428352111554,-0.0984454193737769,0.15900272945328,8
3.84567908468392,0.0169043784431138,-0.158796257270916,0.031142818297456,0.0609267703379722,8
3.84763221731335,0.0306883033932136,0.147675598386454,-0.0455317665362035,-0.130366595208748,8
3.84958534994277,0.137086786027944,0.151839420239044,0.157730304305284,-0.0860019360139165,8
3.8515384825722,0.103590628582834,-0.0480786560856574,-0.141376491976517,0.0176127731610338,8
3.85349161520162,0.0296819548902196,-0.173412121733068,-0.0544742455968689,0.162713449065606,8
3.85544474783105,0.0246624105389222,-0.0863542546314741,-0.0526989004892368,0.180131360437376,8
3.85739788046047,0.0726987790818363,0.0118597415737052,0.129139477201566,-0.120266878817097,8
3.85935101308989,-0.0562358109381237,0.141096031494024,-0.000651998630136987,-0.0157776301590457,8
3.86130414571932,-0.0263137154491018,-0.11274535873506,-0.138017084735812,0.0952342254771372,8
3.86325727834874,0.0221861833133733,0.0208975414840637,0.0674387627201566,-0.0399914420974155,8
3.86521041097817,0.0279986083033932,0.0889632823804781,-0.0549703858121331,0.104884525745527,8
3.86716354360759,0.0962107395608782,0.0998219956374502,0.0472643864970646,-0.0667620673856859,8
3.86911667623702,-0.140409239361277,0.0535586572111554,-0.168090354892368,-0.0139192337574553,8
3.87106980886644,0.0123178689021956,0.0213952577988048,0.0868719174168298,0.064837905248509,8
3.87302294149587,-0.00409476031936127,0.0440170712749004,0.0458775849315069,-0.12695346194831,8
3.87497607412529,0.0680695759680639,0.0672215770219124,-0.0371691139921722,0.0505719799304175,8
3.87692920675471,-0.0352122758483034,-0.104721200587649,0.0246690851272016,0.0502075884791252,8
3.87888233938414,-0.0165307881836327,-0.0334081642231076,0.0918572299412916,0.0294980076640159,8
3.88083547201356,-0.0560894329740519,0.025856495498008,0.0315971153620352,0.0129850017296223,8
3.88278860464299,0.0242842674650699,-0.119337065049801,0.0442397244618395,-0.0712076430914513,8
3.88474173727241,0.0146050245908184,0.0588757241832669,0.0113450304305284,0.205930275188867,8
3.88669486990184,-0.00760783145708582,0.0779831749003984,-0.0161877627201566,-0.110088210944334,8
3.88864800253126,0.0764863089021956,0.0901104577888446,0.043337107925636,-0.110155016043738,8
3.89060113516068,0.0144525475449102,0.107220973535857,-0.00754416330724071,-0.040204003777336,8
3.89255426779011,0.0948872388023952,-0.0176815426195219,-0.0220876469667319,0.0191371440656064,8
3.89450740041953,-0.104985772055888,-0.0192171795418327,-0.125948324559687,-0.00978339078528827,8
3.89646053304896,-0.0397255964071856,0.0996702528585657,0.0954437857142857,0.114583411540755,8
3.89841366567838,-0.0793208356886227,-0.153042171095618,-0.0551616687866928,-0.0568931322465209,8
3.90036679830781,-0.0525092719361277,0.0158232629581673,0.0669067569471624,0.0214874689264413,8
3.90231993093723,0.0254857865868263,-0.0489891127589641,-0.0822461424657534,0.0591108862723658,8
3.90427306356665,-0.0203427143313373,-0.07819049312749,0.106860988258317,0.0267954377335984,8
3.90622619619608,0.048210965508982,0.0805628021414343,-0.0256024716242661,-0.0116903727137177,8
3.9081793288255,0.0486561984830339,-0.057935867001992,-0.0197324753424658,0.2238644077833,8
3.91013246145493,-0.0383289066666667,-0.12766470875498,-0.0797235982387476,-0.0460221206163022,8
3.91208559408435,-0.0894026179640719,0.180203180468127,0.0775169844422701,-0.103110114652087,8
3.91403872671378,-0.0886463318163673,0.190212134163347,-0.0100667075342466,-0.135498441481113,8
3.9159918593432,0.114386003433134,0.111670071812749,-0.0196428114481409,-0.0799591111133201,8
3.91794499197262,-0.0307660451896208,-0.0629737272609562,0.00997616164383562,0.132238177355865,8
3.91989812460205,-0.046495577245509,-0.0653348449003984,0.0238860204500978,0.00493195065606362,8
3.92185125723147,-0.0785401532135728,0.106711117798805,0.0787184806262231,-0.0165853645427435,8
3.9238043898609,0.0984856970858283,0.0971331135956175,-0.0874705587084149,-0.179389391789264,8
3.92575752249032,0.0892577862674651,-0.178541027659363,-0.104614295303327,-0.0145933579423459,8
3.92771065511975,-0.0586327500998004,-0.018676975249004,0.0385968767123288,0.156354818240557,8
3.92966378774917,-0.0467151441916168,0.0151980827091633,0.127316311350294,-0.0123948628528827,8
3.9316169203786,0.112733152255489,-0.044175831812749,0.0328344771037182,-0.0116478603777336,8
3.93357005300802,0.137416136447106,0.0631791493924303,-0.0211670976516634,-0.0239096327137177,8
3.93552318563744,-0.0405977651097804,-0.0631011911952191,-0.0810326910958904,0.131023539184891,8
3.93747631826687,-0.0846331359680639,-0.020522167440239,0.078156586888454,-0.103535238011928,8
3.93942945089629,0.113702906267465,0.126103844940239,-0.0217170362035225,0.099612996083499,8
3.94138258352572,0.0287609935329341,-0.00440708432270916,-0.0656702772015656,-0.267140926451292,8
3.94333571615514,-0.127521879441118,0.284984604143426,-0.0307133136007828,-0.0966786055367793,8
3.94528884878457,-0.0581814180439122,0.11537259561753,0.00921102974559687,0.00567287994035785,8
3.94724198141399,0.0569387516167665,0.131700118625498,0.0655558209393347,-0.153116768151093,8
3.94919511404341,0.13362250754491,0.0240720004183267,-0.106168469471624,0.0559103146918489,8
3.95114824667284,-0.136298458203593,0.000315150956175299,0.0051582217221135,0.119654525904573,8
3.95310137930226,-0.114555231457086,-0.119027509780877,0.00698736516634051,-0.109304769324056,8
3.95505451193169,0.0635989489820359,-0.1631785887251,0.137902628473581,0.24499911195825,8
3.95700764456111,-0.0131396986826347,-0.0682604456772908,-0.0820548594911937,-0.0571907185984095,8
3.95896077719054,0.0260042085429142,-0.208337239721116,0.0245256228962818,0.0905092829920477,8
3.96091390981996,-0.0753503334131736,0.0645326949800797,0.0486093449119374,-0.114928544055666,8
3.96286704244938,0.107323266666667,-0.0328315416633466,0.0808763916829746,0.0548475062922465,8
3.96482017507881,0.127907667864271,-0.157448781394422,-0.0979014584148728,-0.0851759820576541,8
3.96677330770823,0.0419228121357285,0.0379048721414343,-0.0907044364970646,0.274879210964215,8
3.96872644033766,-0.0505636648303393,-0.094499807001992,-0.0291232738747554,-0.188644934652087,8
3.97067957296708,0.0849091409181637,0.350901667290837,0.162099924755382,-0.314414644065606,8
3.97263270559651,0.196406455968064,0.229392119671315,-0.194941702446184,0.182299489572565,8
3.97458583822593,-0.00329578059880239,-0.13825028500996,-0.0396378598825832,-0.322048644970179,8
3.97653897085535,-0.0666042500598802,0.211334728984064,0.00592933121330724,0.11058725195825,8
3.97849210348478,-0.0452696617964072,0.07111226187251,0.0797645593933464,-0.0912188069582505,8
3.9804452361142,0.0543100473453094,-0.151172700059761,0.0254401946183953,-0.0218204550596421,8
3.98239836874363,-0.0610784819161677,0.0700257835756972,-0.107208570645793,0.145271244930417,8
3.98435150137305,-0.108273177165669,0.043161242001992,0.0971653324853229,-0.094625867027833,8
3.98630463400248,-0.138311155209581,0.316638147818725,0.124028635225049,-0.190363647664016,8
3.9882577666319,0.0452895053093812,0.242156722231076,0.10813421555773,-0.0579255746918489,8
3.99021089926133,0.0382816602794411,-0.0136633938346614,-0.129714208121331,-0.224015198190855,8
3.99216403189075,0.0267117020359281,-0.00192457246015936,0.0387224061643836,0.159640414493042,8
3.99411716452017,-0.170807063233533,0.0725629228386454,0.0528534359099804,0.0926470461729622,8
3.9960702971496,0.0154954905389222,-0.289009770687251,-0.00140517534246576,-0.103316603141153,8
3.99802342977902,0.0752420962075848,-0.169060138834661,-0.0439297716242662,0.0462357216600398,8
3.99997656240845,0.00976845269461078,-0.371327193376494,-0.238661817318982,0.44733961166998,8
4.00192969503787,0.00787163824351298,-0.333397568366534,0.144711106849315,0.089130668667992,9
4.0038828276673,0.0541392730538922,0.129308652430279,-0.106347797260274,0.0191371440656064,9
4.00583596029672,0.237947302355289,-0.100909421982072,0.0216085575342466,0.0593963262425447,9
4.00778909292614,0.0207955926546906,-0.265295409203187,-0.242045134931507,0.107672120347913,9
4.00974222555557,-0.0945563421157685,0.0456862418426295,0.203871344324853,0.152449756520875,9
4.01169535818499,-0.0662809987225549,-0.173296797221116,-0.0347183008806262,0.00140949996023857,9
4.01364849081442,0.181347822914172,-0.0413898343924303,0.0324100680039139,-0.0730903322564612,9
4.01560162344384,-0.0453306526147705,0.0317623244521912,-0.141717214774951,0.163660866838966,9
4.01755475607327,-0.056613954011976,-0.184307253256972,0.10834940890411,-0.0545792465308151,9
4.01950788870269,-0.113786747145709,0.264608583794821,-0.0210116802348337,0.0280161490954274,9
4.02146102133211,0.127907667864271,0.0482355205278884,0.0382083331702544,-0.0276264255168986,9
4.02341415396154,0.0416361552894212,-0.158741629870518,-0.138339874755382,-0.00428107987077535,9
4.02536728659096,-0.156016789780439,0.0152102221314741,-0.035447567221135,0.181522121143141,9
4.02732041922039,-0.0274786400798403,-0.0257481887450199,0.102885888943249,-0.131380818081511,9
4.02927355184981,0.143814073293413,-0.214734715278884,-0.130742354109589,0.282276357425447,9
4.03122668447924,0.0583598376846307,-0.00549963233067729,-0.0835373025440313,0.072447613389662,9
4.03317981710866,-0.165689933572854,0.222120605707171,-0.0556876969667319,-0.457790533767396,9
4.03513294973808,-0.0668177179241517,0.281233522649402,0.168083495303327,-0.165700419602386,9
4.03708608236751,0.0378547245508982,-0.0441697621015936,-0.014699342074364,0.084150652166998,9
4.03903921499693,0.0222471741317365,-0.303133988545817,-0.0351367323874755,0.0433205900497018,9
4.04099234762636,-0.142586611576846,0.0342751848705179,0.0522437214285714,0.160927930954274,9
4.04294548025578,-0.100606631297405,0.227298069322709,0.250669919569472,-0.383928386590457,9
4.04489861288521,0.0642942443113772,0.157399275657371,0.00487727485322896,-0.121912713538767,9
4.04685174551463,0.159988838323353,0.0221600414043825,-0.0712892145792564,0.0573861000695825,9
4.04880487814405,-0.0269175245508982,-0.160362242749004,-0.0442465840508806,0.0865252697912525,9
4.05075801077348,-0.0471237826746507,0.0848965759063745,0.043349063111546,-0.242143672892644,9
4.0527111434029,0.104682364231537,-0.236403584103586,0.110537207925636,0.216892384681909,9
4.05466427603233,0.127200174371257,-0.187845894860558,-0.105654396477495,0.0798508330417495,9
4.05661740866175,0.170064521516966,-0.331048590149402,-0.0651621818003914,0.378421041848907,9
4.05857054129118,-0.0998259488223553,-0.0353626112151394,-0.190805208121331,-0.0732725279821073,9
4.0605236739206,0.0619460978043912,-0.008686230687251,0.0696684048923679,-0.0919658094333996,9
4.06247680655003,0.0803592258682635,0.0207640078386454,-0.351506817123288,0.24479869666004,9
4.06442993917945,0.127584416526946,-0.0877199396414343,0.0156728077299413,-0.148385752475149,9
4.06638307180887,-0.116470343153693,0.174722231294821,0.0321769418786693,-0.207386801630219,9
4.0683362044383,0.0185084369660679,-0.01725059312749,0.163426950391389,0.136094653548708,9
4.07028933706772,0.034311158003992,-0.252306227330677,-0.140587449706458,-0.0458945836083499,9
4.07224246969715,0.00806070978043912,-0.341391377958167,0.0159657097847358,0.549745755864811,9
4.07419560232657,-0.100082110259481,-0.0273505924900398,0.13585231409002,-0.157774905536779,9
4.076148734956,-0.063060683512974,-0.109959361314741,0.0954198753424658,-0.0728959901491054,9
4.07810186758542,0.00915854451097805,0.329603050846614,-0.0022958366927593,-0.191724042415507,9
4.08005500021484,0.0711374141317365,-0.0803816588545817,-0.170385750587084,0.0924952164015905,9
4.08200813284427,0.0674169742115768,-0.150456474143426,-0.0510311520547945,-0.0165610717793241,9
4.08396126547369,-0.0679460480638722,-0.180119152559761,-0.0454062370841487,0.269959926371769,9
4.08591439810312,0.0931855949700599,0.131372354223108,-0.0553649069471624,-0.272151308906561,9
4.08786753073254,0.0375985631137725,0.137448135089641,-0.153672400684932,-0.0719971579025845,9
4.08982066336197,-0.0297231021956088,-0.199651483057769,0.0637744982387476,-0.0481720301789264,9
4.09177379599139,-0.0880669190419162,-0.2477053862749,0.0264862733855186,0.212932664244533,9
4.09372692862082,0.00815829508982036,0.06421707,0.065920454109589,0.213114859970179,9
4.09568006125024,0.0732842909381237,0.339781956454183,0.00264763268101761,-0.270930597544732,9
4.09763319387966,0.0936674224351297,0.158309732330677,0.132480951663405,-0.134004436530815,9
4.09958632650909,-0.130113989221557,0.0113195372808765,0.0030839969667319,0.0243175758648111,9
4.10153945913851,-0.0158232946906188,-0.0964906722609562,-0.000269432681017614,0.192702865506958,9
4.10349259176794,0.0473204995608782,-0.0395810604681275,-0.180027608023483,-0.05764013472167,9
4.10544572439736,0.0182217801197605,0.261415915727092,-0.0267143039138943,-0.0445098960934394,9
4.10739885702679,-0.178369924710579,0.114267908187251,0.143103134344423,-0.279123332007952,9
4.10935198965621,-0.105473698602794,0.00087356438247012,0.0110102852250489,0.174963075019881,9
4.11130512228563,0.173339728463074,-0.000771327340637449,0.00837416673189824,0.021973324194831,9
4.11325825491506,0.0298344319361277,-0.00370906753984064,0.0288832881604697,-0.181296373717694,9
4.11521138754448,-0.121910724151697,0.156440261294821,0.134608974755382,-0.0170408538568588,9
4.11716452017391,-0.135578766546906,0.0424814343525896,0.0209809102739726,-0.16877345417495,9
4.11911765280333,0.16070852998004,-0.143403469780877,-0.0669016613502935,0.0947544433996024,9
4.12107078543276,0.082493904510978,-0.0106224685458167,-0.00520094686888454,0.0273663176739563,9
4.12302391806218,-0.108962373413174,-0.13897258063745,0.1572102537182,0.1620818372167,9
4.1249770506916,-0.0339314686626746,0.0878221766832669,0.0301983586105675,-0.214455995785288,9
4.12693018332103,0.148217610379241,0.182879923087649,-0.196454033463797,-0.101172766769384,9
4.12888331595045,0.162818812295409,0.0117565564840637,-0.0573016470645793,-0.219958306699801,9
4.13083644857988,-0.0488742191616766,-0.0452380312649402,0.0889999405088063,0.0945965404373757,9
4.1327895812093,-0.0472945569660679,-0.0758475846215139,0.0776544690802348,0.0300810339860835,9
4.13474271383873,-0.00224673852295409,0.0216623250896414,-0.122923662524462,0.0268379500695825,9
4.13669584646815,0.107170789620758,0.196967722679283,-0.0844817622309198,-0.0844107600099404,9
4.13864897909757,-0.0904272637125748,-0.0530861677888446,0.113352654207436,-0.0752341686282306,9
4.140602111727,-0.120135891337325,0.0364420717529881,0.186972689041096,-0.00516169254473161,9
4.14255524435642,-0.00787619105788423,0.0499350396513944,-0.0351785755381605,0.0730063469483101,9
4.14450837698585,0.0128423899401198,0.0307851009561753,-0.0713489905088063,0.00869125579522863,9
4.14646150961527,-0.0761493131337325,0.143402521733068,0.050665636888454,-0.118183774353877,9
4.1484146422447,-0.186847648463074,-0.120538867858566,0.157299917612524,0.237413696580517,9
4.15036777487412,-0.0298084893413174,-0.0650617078984064,-0.0144183952054795,-0.156019753379722,9
4.15232090750354,0.120576571497006,-0.015277937001992,-0.0814869881604697,0.116368929652087,9
4.15427404013297,-0.0083153249500998,0.226144824203187,0.0154815247553816,0.0202060256560636,9
4.15622717276239,-0.0169577239121756,-0.0473017330577689,0.19945988072407,-0.0354365489562624,9
4.15818030539182,-0.0531252792015968,-0.0458389326693227,-0.0930356977495108,-0.0710679597017893,9
4.16013343802124,0.0882575368463074,0.17590582497012,-0.0926471542074364,-0.017502416361829,9
4.16208657065067,0.00635296686626747,-0.128429492360558,0.0314416979452055,-0.0954761137475149,9
4.16403970328009,-0.0969715785229541,0.206679260527888,0.25799844853229,-0.340869463429423,9
4.16599283590952,-0.0455746158882235,0.0657405675,-0.0277544050880626,0.208651064691849,9
4.16794596853894,0.0415873626347305,0.23404758812749,-0.0137130392367906,-0.336387448578529,9
4.16989910116836,-0.000636580918163671,0.188791821752988,-0.0304263891389433,-0.0104271490159046,9
4.17185223379779,-0.043366748263473,0.120452943854582,0.0829506164383562,-0.344786671530815,9
4.17380536642721,-0.0279055758083832,-0.076120721623506,0.0401510508806262,0.23138301806163,9
4.17575849905664,0.0537550308982036,0.0977279452888446,-0.142990442074364,0.0744396199900596,9
4.17771163168606,0.149602101956088,-0.0509132111952191,0.0744385240704501,-0.0121033496918489,9
4.17966476431549,-0.0883657740518962,0.100246875418327,0.0434626373776908,-0.0337360555168986,9
4.18161789694491,-0.167397676487026,0.087294111812749,0.0822751484344423,-0.142415805864811,9
4.18357102957433,-0.0359624629141717,0.0409457974302789,-0.132314461056751,0.0570642209542743,9
4.18552416220376,0.128426089820359,0.151566283237052,-0.0198878927592955,-0.00363124844930418,9
4.18747729483318,-0.0774240212375249,-0.0433078631175299,-0.0280712175146771,-0.000564287067594435,9
4.18943042746261,-0.0343340080638723,0.0139173736553785,0.0296125545009785,-0.151343396421471,9
4.19138356009203,-0.0392315707784431,0.0883441718426295,-0.0157394432485323,0.117492469960239,9
4.19333669272146,0.077407270259481,-0.0638781142231076,-0.124053427592955,-0.102982577644135,9
4.19528982535088,-0.0145729829141716,-0.11362546685259,0.121721284344423,0.0910194310238569,9
4.19724295798031,-0.191861093732535,0.0925140634063745,0.0972490187866928,-0.0834269030914513,9
4.19919609060973,-0.0522104169261477,-0.00812781726095618,0.05311645,-0.0686872688866799,9
4.20114922323915,0.0941614480638722,0.0772305307171315,-0.0663039020547945,0.0183294096819085,9
4.20310235586858,0.0845675923353293,-0.195056711713147,0.0838950761252446,0.163788403846918,9
4.205055488498,-0.0941964962874251,-0.0626398931474104,0.120681183170254,0.0412253392047714,9
4.20700862112743,0.0636782370459082,6.62927988047818e-05,0.0137779107632094,0.0343929994930417,9
4.20896175375685,0.161794166546906,0.12732385688247,-0.162877893835616,-0.0306508745626243,9
4.21091488638628,0.171406319520958,0.0518166501095618,0.0925028099804305,-0.103990727326044,9
4.2128680190157,-0.0962335896207585,0.058748260249004,-0.0589693954990215,-0.0466598056560636,9
4.21482115164512,0.0486074058283433,-0.064157320936255,-0.0127446691780822,0.0377939863717694,9
4.21677428427455,0.123888372934132,0.103712680488048,-0.0984633521526419,0.00877020727634195,9
4.21872741690397,-0.0204220023952096,-0.0381000509462151,0.0578327708414873,-0.00723265062624255,9
4.2206805495334,-0.0397926863073852,0.0320233220318725,0.0735299299412916,0.194372992992048,9
4.22263368216282,-0.111706960239521,-0.123276307589641,0.00301824344422701,-0.00703830851888668,9
4.22458681479225,0.031255518003992,0.0832395447609562,-0.00682087455968689,-0.084143539612326,9
4.22653994742167,-0.0261856347305389,0.16773599375498,-0.0694301831702544,-0.0798923060139165,9
4.22849308005109,-0.0700685285429142,0.0943471161752988,0.174676780332681,-0.124153720964215,9
4.23044621268052,-0.0446841499401198,0.116829326294821,0.0121161399217221,-0.225952546073559,9
4.23239934530994,0.0370191503393214,0.140209853665339,-0.00973793992172212,0.111631840785288,9
4.23435247793937,-0.0322176266666667,-0.153776606145418,-0.0954626004892368,-0.103158700178926,9
4.23630561056879,0.0154588960479042,-0.103531537201195,0.106962607338552,0.133027692166998,9
4.23825874319822,-0.0933609220758483,-0.237399016733068,0.0509704941291585,0.217311434850895,9
4.24021187582764,0.0703140380838323,-0.123555514302789,0.00616245733855186,-0.0380358746421471,9
4.24216500845706,-0.07871092750499,0.00975355180278885,-0.0161698299412916,0.123930052266402,9
4.24411814108649,0.0826219852295409,-0.0911857447111554,-0.00921788933463797,0.0309252075149105,9
4.24607127371591,0.0400016013572854,-0.213666446115538,0.0289251313111546,0.0230907913121272,9
4.24802440634534,-0.0254842403193613,0.163620729591633,0.0330138048923679,-0.0353393779025845,9
4.24997753897476,0.126687851497006,0.153168686982072,-0.0581145997064579,-0.0581259899900596,9
4.25193067160419,0.0451248300998004,0.11417686251992,-0.045872489334638,-0.152321180149105,9
4.25388380423361,0.0497235378043912,-0.294563556394422,0.122109827886497,0.209744239045726,9
4.25583693686303,-0.0870727687025948,0.0364238626195219,-0.106658632093933,-0.203676082017893,9
4.25779006949246,0.0471009326147705,0.0810969367231076,0.0474317590998043,0.0551511658349901,9
4.25974320212188,-0.0114014603592814,0.121836837998008,-0.0110769207436399,-0.044807482445328,9
4.26169633475131,0.116648762794411,-0.159633877410359,0.0647847114481409,0.0139445658846918,9
4.26364946738073,-0.131596066107784,-0.16784012689243,-0.102037952739726,0.251011570904573,9
4.26560260001016,-0.0344803860279441,-0.0820083414442231,0.0759867206457926,0.0914627739562624,9
4.26755573263958,-0.0133836619560878,0.0984987986055777,-0.101135336203523,-0.21485682638171,9
4.269508865269,-0.0180067659880239,0.089266767938247,0.0492071042074364,0.0455433779025845,9
4.27146199789843,-0.0435741170459082,-0.11387432500996,-0.0924200056751468,0.179499748588469,9
4.27341513052785,-0.0972704335329341,-0.21851007561753,-0.0695138694716243,0.11908971915507,9
4.27536826315728,0.108421101397206,0.167851318266932,-0.0183098082191781,0.0173273331908549,9
4.2773213957867,0.0237597464271457,0.119773136205179,0.0771284409001957,-0.167789597256461,9
4.27927452841613,-0.148197766866267,0.137120370687251,0.0456265260273973,-0.377150705596421,9
4.28122766104555,-0.0402501174451098,-0.100357078266932,-0.0801778953033268,0.587545295745527,9
4.28318079367498,0.138428584031936,-0.247438318984064,0.12030459481409,-0.200457290864811,9
4.2851339263044,0.102242731497006,0.0882409867529881,-0.124866380234834,0.0921186785685885,9
4.28708705893382,-0.126759494211577,0.138140082161355,0.216579706947162,-0.269898155099404,9
4.28904019156325,0.0271264396007984,-0.204130929890438,-0.131860163992172,0.182627441878728,9
4.29099332419267,0.133927461636727,0.0555616618924303,-0.0707034104696673,0.218750781083499,9
4.2929464568221,0.0784014205988024,-0.00350876707171315,-0.00550580410958904,-0.125690238250497,9
4.29489958945152,-0.101576385309381,0.122929386005976,0.121930500097847,-0.24070432666004,9
4.29685272208095,-0.0681351196007984,0.0406787301394422,0.0474616470645793,-0.00956475591451292,9
4.29880585471037,0.0835490456686627,-0.072770241065737,-0.0542112315068493,-0.0374103359840954,9
4.30075898733979,0.00196162794411178,-0.107950286922311,0.0754367820939335,0.122709340904573,9
4.30271211996922,-0.0419700585229541,-0.0986636288545817,-0.101852647358121,0.167165097962227,9
4.30466525259864,-0.0489474081437126,-0.105746981772908,-0.0516528217221135,0.107611388439364,9
4.30661838522807,-0.00070367081836327,-0.0315569023207171,-0.0876080433463797,-0.0460524865705765,9
4.30857151785749,0.0144098539720559,-0.0484124901992032,0.0706606853228963,0.346299935417495,9
4.31052465048692,-0.03701150499002,-0.0281457246513944,-0.086149510665362,-0.267730025964215,9
4.31247778311634,0.0285231293413174,-0.208531470478088,-0.0475223049902153,0.359077928976143,9
4.31443091574576,0.000857694131736531,-0.145497520129482,0.00467403669275929,-0.193120876312127,9
4.31638404837519,0.132555168223553,-0.124848362778884,-0.050720317221135,0.222425061550696,9
4.31833718100461,-0.00616844814371257,0.0510700756374502,0.0326969924657534,-0.118760727485089,9
4.32029031363404,-0.0670128885429142,-0.00736910336653386,0.0773017910958904,0.0878067130616302,9
4.32224344626346,-0.0187752502994012,-0.172362061703187,-0.0426266563600783,0.112876844910537,9
4.32419657889289,0.0536086529341317,-0.0250258931175299,-0.0557594280821918,0.106506067703777,9
4.32614971152231,0.0491258277844311,-0.085437728247012,-0.0264214018590998,-0.0201989131013917,9
4.32810284415173,-0.0975326940518962,-0.0113751127290837,0.0917556108610568,-0.0629420303379722,9
4.33005597678116,-0.00835191944111776,-0.148738745886454,-0.0486520700587084,0.195903437087475,9
4.33200910941058,0.000997973013972059,-0.0893951799203187,-0.023886902446184,-0.0610957803180915,9
4.33396224204001,0.0446734980439122,0.21897042561753,0.0415677404109589,-0.064830792693837,9
4.33591537466943,-0.0508259253493014,0.111882511703187,0.0295826665362035,-0.0831900486481113,9
4.33786850729886,-0.106815496606786,-0.11819595935259,0.00832634598825832,-0.117017721709742,9
4.33982163992828,0.0348844716966068,0.114110095697211,-0.123545332191781,0.11180796332008,9
4.3417747725577,0.0470033473053892,0.0156775898904382,0.136850572113503,-0.0431737941053678,9
4.34372790518713,0.0287122008782435,0.0515617222410359,-0.147144869178082,-0.180713347395626,9
4.34568103781655,-0.0283691060279441,0.0752760837250996,-0.0252677264187867,-0.0178060759045726,9
4.34763417044598,0.0212896182834331,-0.128265610159363,-0.0749176135029354,0.0736683247514911,9
4.3495873030754,0.0735160560479042,-0.0128014948505976,-0.0154286084148728,-0.0175631482703777,9
4.35154043570483,-0.103961126307385,0.0310096802689243,0.0103886155577299,-0.016609657306163,9
4.35349356833425,-0.0632009623952096,0.0509486814143426,0.0332289982387476,-0.217984519671968,9
4.35544670096368,-0.0047473620758483,-0.0901781726593625,0.0935249783757339,0.136562289244533,9
4.3573998335931,0.0982661301397205,-0.0559996291434263,-0.0018056740704501,0.0633499734890656,9
4.35935296622252,0.0651420166866267,-0.10135858060757,0.138195530528376,0.144014094423459,9
4.36130609885195,-0.0569737998403194,-0.0122977088247012,-0.121022787964775,-0.0751369975745527,9
4.36325923148137,-0.00605256558882235,0.0921438110258964,-0.00474664980430529,-0.105011023389662,9
4.3652123641108,0.109104198562874,-0.0101490310756972,0.0101554894324853,-0.0708250320675944,9
4.36716549674022,0.0742479458682635,0.0287820962749004,-0.0413713618395303,0.213011615725646,9
4.36911862936965,-0.103180443832335,-0.0868519709462151,0.0629794783757339,-0.0602880459343936,9
4.37107176199907,0.00318144431137725,0.014566832749004,-0.0189135451076321,0.0370287643240557,9
4.37302489462849,-0.00261268343313373,0.00691292698207171,0.0104065483365949,0.0506266386481113,9
4.37497802725792,0.0334206920558882,-0.0759507697111554,0.052506735518591,0.047729726610338,9
4.37693115988734,-0.0886829263073852,0.0718527666334661,-0.0906685709393347,-0.0254400768091451,9
4.37888429251677,-0.0880974144510978,-0.114966873017928,0.00316768326810176,0.0540154791451292,9
4.38083742514619,0.111385255169661,0.119876321294821,0.0407966309197652,-0.124584917514911,9
4.38279055777562,0.0359274146906188,-0.0619236672310757,-0.00159645831702544,0.00810822947316103,9
4.38474369040504,0.0342745635129741,-0.0559692805876494,-0.0456692511741683,-0.134751439005964,9
4.38669682303447,-0.0839134443113772,0.0133771693625498,-0.0153807876712329,0.102352005159046,9
4.38864995566389,-0.0328153366866267,0.0862561912051793,0.0539234250489237,-0.12790087972167,9
4.39060308829331,0.0532732034331337,-0.0716412747908367,-0.0548149683953033,-0.0241404139662028,9
4.39255622092274,0.0460152960479042,-0.0443336443027888,-0.104088267123288,0.0692288222365805,9
4.39450935355216,0.0032607323752495,0.0150099216633466,-0.0817380470645793,0.017697797833002,9
4.39646248618159,0.0222593722954092,0.0491034892231076,0.0592793483365949,-0.0660879432007952,9
4.39841561881101,-0.0122065391616766,0.0693945336155379,0.0581256728962818,-0.0867185725347912,9
4.40036875144044,-0.0313210616367265,0.0281811948705179,0.067151838258317,0.170493206550696,9
4.40232188406986,-0.0278689813173653,-0.152058877888446,-0.0321718462818004,-0.0626019316500994,9
4.40427501669928,-0.0348829254291417,0.145089901434263,-0.0156677121330724,0.0523453516600398,9
4.40622814932871,0.125663205748503,0.0222510870717131,-0.0130017056751468,-0.144869374970179,9
4.40818128195813,0.0574388763273453,0.073006011752988,0.0479278993150685,-0.0352179140854871,9
4.41013441458756,0.0745528999600798,-0.100630215268924,0.00506855782778865,0.141281158538767,9
4.41208754721698,-0.0372310719361277,-0.0117089468426295,-0.0894312091976517,-0.132947701322068,9
4.41404067984641,0.0104088562874252,0.0285210986952191,0.00420180684931507,0.117188810417495,9
4.41599381247583,0.000241686866267469,0.021832277001992,0.04394084481409,-0.059990459582505,9
4.41794694510525,-0.00247850363273453,-0.02494698687251,0.0140648352250489,-0.100486496202783,9
4.41990007773468,-0.0408417283832335,-0.0183492108466135,-0.0527526988258317,0.281426110705765,9
4.4218532103641,0.0595308613972056,-0.0802845434760956,0.171323350684932,-0.0370823836779324,9
4.42380634299353,0.0691247171257485,0.0512946549501992,-0.0423158215264188,0.0407637766998012,9
4.42575947562295,0.0742113513772455,0.0334497041533865,0.0957247325831703,-0.155309190049702,9
4.42771260825238,-0.205358361836327,0.146388819621514,-0.0284836714285714,-0.0103299779622266,9
4.4296657408818,-0.0895977885828343,0.114182932231076,0.0341256371819961,-0.0582292342345924,9
4.43161887351122,0.0357749376447106,-0.115409961932271,-0.0728314335616438,-0.0489068862723658,9
4.43357200614065,0.0313531033133733,-0.200640845976096,0.086088852739726,0.224878630656064,9
4.43552513877007,-0.110956773173653,-0.141788926613546,0.0068080373776908,-0.0416554963916501,9
4.4374782713995,-0.0139203811576846,0.0232768682569721,-0.00448363571428572,0.203039436341948,9
4.43943140402892,0.162727326067864,0.108610937390438,0.0590820877690802,-0.16949616388668,9
4.44138453665835,0.103938276247505,0.0140084193227092,0.026850906555773,0.144159851003976,9
4.44333766928777,-0.0356941033133732,-0.13264187190239,0.0359607582191781,-0.0335234938369781,9
4.44529080191719,0.0639039030738523,-0.0348709646115538,-0.0989236268101761,0.192459937872763,9
4.44724393454662,0.127309957844311,0.0190826978486056,0.0828968181017613,-0.0463865120675944,9
4.44919706717604,0.0893187770858283,0.172992363615538,-0.00385598845401174,-0.161570649821074,9
4.45115019980547,-0.00256389077844311,0.123724518167331,-0.0317534147749511,0.0289514204870775,9
4.45310333243489,-0.0464284873453094,0.0886112391334661,0.0495896701565558,-0.102089818588469,9
4.45505646506432,0.133244364471058,0.066638884750996,-0.0731064028375734,0.191773667306163,9
4.45700959769374,-0.0268809300598802,-0.0292200635258964,0.15065881183953,-0.181891546421471,9
4.45896273032317,0.0423680451097804,-0.0462577427390438,-0.100447913013699,0.136185751411531,9
4.46091586295259,-0.128619714171657,0.0489699555776892,0.113777063307241,0.0676133534691849,9
4.46286899558201,0.0316336610778443,0.0684112404083665,0.0167129089041096,-0.155096628369781,9
4.46482212821144,0.0594515733333333,0.226830701563745,-0.0168871410958904,-0.242010062693837,9
4.46677526084086,-0.131156932215569,-0.0418572021513944,0.0117574843444227,0.118275911580517,9
4.46872839347029,-0.0673605362075848,-0.0430407958266932,-0.158902794520548,0.0869139540059642,9
4.47068152609971,-0.0240692533333333,0.0507544506573705,0.00634776272015656,-0.14671562499006,9
4.47263465872914,0.0915632392015968,0.218958286195219,0.0307482971624266,-0.200220436421471,9
4.47458779135856,-0.0901589041117764,-0.188264704930279,0.00931862641878669,0.175369978807157,9
4.47654092398798,0.0150197621556886,-0.110742354053785,-0.044659037964775,-0.253482320218688,9
4.47849405661741,0.099132199760479,0.0520108808665339,-0.205241095107632,0.233982343747515,9
4.48044718924683,0.107646518003992,0.140652942579681,0.171424969765166,-0.321647814373757,9
4.48240032187626,-0.0735450051896207,0.0605024067729084,-0.0302470613502935,0.112148062007952,9
4.48435345450568,0.0665570036726547,0.00402981418326693,0.0135328294520548,0.000437789423459243,9
4.48630658713511,0.0379035172055888,-0.162620175298805,-0.0527228108610568,-0.0360256484691849,9
4.48825971976453,0.0301759805189621,0.085145434063745,0.138948707240705,0.136732338588469,9
4.49021285239396,0.0384829299800399,-0.0926424753884462,-0.0543307833659491,-0.233829474612326,9
4.49216598502338,-0.017915279760479,-0.271383329492032,-0.159667926418787,0.511290311371769,9
4.4941191176528,-0.0178603880239521,-0.114117113456175,-0.0717973099804305,-0.136269736719682,9
4.49607225028223,0.0275411771656687,-0.0221791985856574,-0.0179152870841487,0.120589797296223,9
4.49802538291165,0.0128423899401198,0.113490985159363,0.0791249569471624,-0.182474572743539,9
4.49997851554108,-0.0549672019161677,-0.0147620115537849,-0.103478552641879,0.0179893109940358,9
4.5019316481705,0.0121348964471058,0.0853882225099602,0.0334262588062622,-0.118785020248509,10
4.50388478079993,-0.0127554565269461,0.0676950144920319,-0.0865440318003914,-0.0140406975745527,10
4.50583791342935,0.08689134251497,0.14071970940239,0.0249081888454012,-0.185711583469185,10
4.50779104605877,-0.0461662268263473,0.103451682908367,-0.111835227592955,0.103700253528827,10
4.5097441786882,-0.00307621365269461,-0.0842237860159362,-0.0548209459882583,-0.023612046361829,10
4.51169731131762,-0.0120906566067864,0.135536176075697,0.0399597679060665,0.164171014870775,10
4.51365044394705,0.0295050815169661,0.059774041434263,0.0988211257338552,-0.194560222544732,10
4.51560357657647,-0.0428544253892216,0.00423011465139442,0.045793898630137,-0.0685354391153081,10
4.5175567092059,-0.038652158003992,-0.131725345517928,-0.0469783440313112,0.080251663638171,10
4.51950984183532,0.0182705727744511,-0.196410257300797,-0.0278918897260274,0.274982455208747,10
4.52146297446474,0.0402882582035928,-0.0485096055776892,0.179387123581213,-0.0243772684095427,10
4.52341610709417,0.0126960119760479,0.0972302289741036,0.0844091491193738,-0.0470970753976143,10
4.52536923972359,0.0183864553293413,-0.0198241506573705,-0.117268859589041,0.00610407649105368,10
4.52732237235302,0.0399345114570858,-0.0806790747011952,-0.0319925184931507,0.0784297063817097,10
4.52927550498244,0.0328656756087824,0.153672473007968,0.125923532191781,-0.0028781727833002,10
4.53122863761187,0.0543466418363273,0.0484418907071713,0.0020438957925636,0.0309616466600398,10
4.53318177024129,-0.0387253469860279,-0.145691750886454,-0.152106271330724,-0.156359852067594,10
4.53513490287071,-0.0102304366467066,-0.0856501681374502,-0.092904190704501,0.179171796282306,10
4.53708803550014,-0.0197998960479042,0.0345543915836653,0.111965852641879,-0.256859014333996,10
4.53904116812956,0.115209379481038,0.0183482627988048,0.136587558023483,0.106536433658052,10
4.54099430075899,-0.0599379536127744,-0.0438055794322709,-0.107901971428571,0.0537300391749503,10
4.54294743338841,-0.0424457869061876,-0.073073726623506,-0.0153389445205479,0.0691195048011928,10
4.54490056601784,0.0220398053493014,-0.0143614106175299,0.0668350258317026,0.0581573953081511,10
4.54685369864726,-0.0204463987225549,-0.130292893685259,0.01643793962818,0.102661737892644,10
4.54880683127668,-0.0697391781237525,0.0914882822211155,-0.039715568590998,-0.00428715306163022,10
4.55075996390611,-0.150350742754491,0.0799801098705179,-0.0815407864970646,-0.0149395298210736,10
4.55271309653553,-0.00888863864271457,-0.00592451211155378,-0.0773863593933464,-0.0391351221868787,10
4.55466622916496,0.0912826814371257,-0.0477084037051793,0.0457520554794521,0.204727783399602,10
4.55661936179438,0.0854153647105788,-0.137552268227092,-0.0807816321917808,-0.0219905044035785,10
4.55857249442381,0.0434292853493014,-0.031411229252988,-0.133880590410959,-0.123929012902584,10
4.56052562705323,0.0429962505389222,0.287145421314741,0.0649819720156556,-0.0908604886978131,10
4.56247875968266,-0.0652868483832335,0.0938069118824701,0.143975862915851,0.0496306353479125,10
4.56443189231208,-0.00217354954091816,0.00826040285856574,-0.00385598845401174,-0.242532357107356,10
4.5663850249415,0.00307775992015968,0.0605873827290837,-0.0705360378669276,-0.00958297548707754,10
4.56833815757093,0.0446673989620758,0.111324098276892,0.0937341941291585,-0.0910183916600397,10
4.57029129020035,0.0128118945309381,0.0931999407669323,0.0818866048923679,0.0930235840059642,10
4.57224442282978,0.117441643433134,0.0742988602290837,0.109975314187867,0.00567287994035785,10
4.5741975554592,-0.0291558875848303,-0.0172202445717131,-0.147557323091977,0.0420209272067594,10
4.57615068808863,-0.0383045103393213,0.144252281294821,0.0425899088062622,-0.261650761918489,10
4.57810382071805,-0.13240114491018,0.146922954203187,0.0233540146771037,0.0249248949502982,10
4.58005695334747,0.0749798356886228,0.0125152703784861,-0.0401100897260274,-0.127062779383698,10
4.5820100859769,-0.0498988649101796,-0.0544032951095618,-0.137461168590998,0.126735866441352,10
4.58396321860632,0.0526754934131737,-0.0844362259063745,0.04699539481409,0.180586849751491,10
4.58591635123575,0.0672279026746507,-0.223596493565737,-0.0536373825831703,-0.0345255703280318,10
4.58786948386517,0.0841772510978044,-0.16550328809761,0.00428549315068493,0.256252734612326,10
4.5898226164946,0.0287853898602794,-0.0808429569023904,-0.104805578277887,-0.0236302659343936,10
4.59177574912402,-0.141177723672655,-0.112690731334661,-0.0386635122309198,0.0252224813021869,10
4.59372888175344,-0.036340605988024,-0.151099863525896,-0.0210774337573386,0.0472256517693837,10
4.59568201438287,0.0743577293413174,-0.11780142812749,0.0718322935420744,0.148137791013916,10
4.59763514701229,0.154243503233533,-0.0697414551992032,0.0222242496086106,0.0197080240059642,10
4.59958827964172,-0.00222234219560878,0.113424218336653,-0.0321658686888454,-0.158345785477137,10
4.60154141227114,-0.0288875279840319,0.0560108205179283,0.169159462035225,0.0641698542544732,10
4.60349454490057,0.0514495779640719,0.219358887131474,0.03175851037182,-0.172933589910537,10
4.60544767752999,0.161897850938124,0.0493705565139442,0.0585799699608611,-0.0262113720477137,10
4.60740081015941,-0.0619689478642715,0.0414738623007968,-0.140246726908024,-0.182802525049702,10
4.60935394278884,-0.012511493253493,0.0814064919920319,0.156092443835616,0.127501088489066,10
4.61130707541826,0.00626757972055888,0.0393858816633466,0.150282223483366,-0.0587818946023857,10
4.61326020804769,0.0864949021956088,0.0457165903984064,-0.00244527651663405,-0.063184957972167,10
4.61521334067711,-0.0806260392015968,0.119105467978088,-0.0395721063600783,0.0973476958946322,10
4.61716647330654,-0.0548818147704591,-0.129279251922311,0.0408145636986301,-0.0181522477833002,10
4.61911960593596,-0.0947393145708583,0.0894306501394422,0.165853853131115,-0.0207515734691849,10
4.62107273856538,0.0483085508183633,0.06798636062749,-0.143432783953033,-0.0806757476341948,10
4.62302587119481,0.00579185133732535,-0.0310531162948207,-0.0923721849315069,-0.116665476640159,10
4.62497900382423,-0.142482927185629,0.0884655660657371,0.0259004692759296,0.0231090108846918,10
4.62693213645366,0.0427461881836327,-0.0447342452390438,0.169799064481409,0.0109626291749503,10
4.62888526908308,-0.0113587667864271,0.110735336294821,-0.0631955537181996,-0.0329829798508946,10
4.63083840171251,-0.0500635401197605,0.0236107023705179,-0.111028252544031,0.0503047595328032,10
4.63279153434193,-0.188659075768463,-0.12686350688247,-0.0138923670254403,-0.11615532860835,10
4.63474466697136,0.0928501454690619,-0.0964542539940239,0.00855349452054795,0.216588725139165,10
4.63669779960078,0.0508579670259481,-0.0660510708167331,-0.0389683694716243,-0.148804802644135,10
4.6386509322302,0.0109211791616766,0.0523204361354582,-0.100214786888454,0.0164102813717694,10
4.64060406485963,-0.0206293711776447,0.0181358229083665,-0.0253035919765166,-0.140672800089463,10
4.64255719748905,0.0168555857884232,0.00699790293824701,0.172548757240705,-0.0176663925149105,10
4.64451033011848,0.112958818283433,0.0992271639442231,-0.0397872997064579,0.0225199113717694,10
4.6464634627479,0.0149465731736527,-0.0314233686752988,-0.101774938649706,-0.0240553892942346,10
4.64841659537733,-0.0250268091816367,-0.0601513115737052,-0.00631875675146771,-0.1347332194334,10
4.65036972800675,0.0201551890618762,-0.104490551563745,0.152589574363992,0.148714744145129,10
4.65232286063617,0.0818717981636727,-0.087908100687251,0.0382143107632094,-0.059893288528827,10
4.6542759932656,0.129212871377245,-0.262794688207171,-0.205312826223092,0.268320164840954,10
4.65622912589502,-0.0096327266267465,-0.0893041342529881,-0.0116866352250489,-0.00454830026838966,10
4.65818225852445,-0.0105902824750499,-0.0701359864243028,0.0376763273972603,0.144469583737575,10
4.66013539115387,0.0580731808383234,0.137745550936255,0.0398581488258317,-0.197432841819085,10
4.6620885237833,0.0113481148902196,-0.00395185598605578,-0.166249256262231,0.0706924612326044,10
4.66404165641272,0.00929272431137725,0.00431509060756972,0.0111537474559687,-0.0380115818787276,10
4.66599478904214,-0.0684217764471058,-0.140902748784861,0.0489261573385519,0.0668784973757455,10
4.66794792167157,0.0180754021556886,0.0932060104780877,-0.0356806933463797,0.146261175039761,10
4.66990105430099,0.0412702103792415,-0.0653834025896414,-0.0821146354207437,-0.146618453936382,10
4.67185418693042,-0.0700075377245509,0.180191041045817,-0.0373783297455969,0.178491598906561,10
4.67380731955984,-0.0731729611976048,-0.0780084017928287,0.0703199625244618,-0.152752376699801,10
4.67576045218927,0.0683257374051896,0.0779406869223108,0.0449510580234834,0.00157954930417495,10
4.67771358481869,0.0749188448702595,0.111912860258964,-0.00629484637964775,0.0303543275745527,10
4.67966671744812,0.0452590099001996,-0.13744908313745,0.0236708271037182,-0.0588972852286282,10
4.68161985007754,-0.133810032814371,0.0837129822310757,0.0899862433463797,-0.0774022977634195,10
4.68357298270696,-0.0694952148502994,0.152112557241036,0.102999463209393,0.0882257632306163,10
4.68552611533639,0.111208381796407,-0.194158394462151,-0.0267441918786693,-0.125501969333996,10
4.68747924796581,0.0135681806786427,0.252821204731076,0.0340957492172211,0.0232729870377734,10
4.68943238059524,-0.000490202954091815,0.027203971374502,0.049452185518591,-0.194596661689861,10
4.69138551322466,-0.0529971984830339,0.151165682300797,0.0977750469667319,-0.0844107600099404,10
4.69333864585409,0.078413618762475,-0.0471864085458167,-0.0334271408023483,0.0989327987077535,10
4.69529177848351,0.0342684644311377,-0.108284121035857,-0.0518201943248532,-0.0736672853876739,10
4.69724491111293,-0.0535888094211577,-0.128563026005976,0.0438392257338552,0.109390833359841,10
4.69919804374236,-0.0878168566866267,0.160160994233068,-0.025064488258317,0.0769296282405567,10
4.70115117637178,0.0181058975648703,-0.0096452450498008,-0.00242734373776908,-0.235681797823062,10
4.70310430900121,0.0343538515768463,0.313154133615538,0.0216862662426614,-0.097492413111332,10
4.70505744163063,-0.049160876007984,-0.0516658553784861,0.0603314046966732,0.0661983,10
4.70701057426006,-0.0904394618762475,0.101400120537849,0.0114287167318982,-0.0611808049900596,10
4.70896370688948,0.0995469373253493,0.190030042828685,-0.00441190459882583,-0.0906054146819085,10
4.7109168395189,-0.0130177170459082,0.0996034860358566,-0.0382211703522505,-0.28203846361829,10
4.71286997214833,0.00648104758483034,-0.0784636301294821,-0.0328712246575343,0.0580541510636183,10
4.71482310477775,-0.0744049757285429,-0.158547399113546,0.0062580988258317,0.221356179960239,10
4.71677623740718,-0.0919093405988024,-0.180968912121514,0.0531702483365949,-0.0768678569681908,10
4.7187293700366,0.162562650858283,-0.0642362271812749,-0.0871597238747554,0.159294242614314,10
4.72068250266603,-0.0144936948502994,-0.037505219252988,0.080601422407045,-0.193770707733598,10
4.72263563529545,-0.0120235667065868,-0.110141452649402,-0.0437504438356164,0.216521920039761,10
4.72458876792487,0.062519411497006,-0.16005268748008,0.00215149246575342,0.00380233715705765,10
4.7265419005543,0.122357503393214,-0.0700813590239044,-0.113443200097847,0.031374623638171,10
4.72849503318372,0.0127265073852295,0.276013571055777,-0.0349334942270059,-0.160501768230616,10
4.73044816581315,0.0505469138522954,-0.0436295578087649,0.12937260332681,0.0393547964214712,10
4.73240129844257,0.022405750259481,0.00131665329681275,-0.0531531975538161,-0.00164531503976143,10
4.734354431072,0.228158276007984,-0.101164349850598,-0.0259013512720157,0.224174140516899,10
4.73630756370142,-0.0726484401596806,0.0902622005677291,-0.0706197241682975,-0.144426032037773,10
4.73826069633084,-0.0184458998802395,0.0205212193924303,0.0865730377690802,-0.153851624244533,10
4.74021382896027,-0.0908115058682635,0.0677435721812749,-0.0280771951076321,0.0626940688767396,10
4.74216696158969,0.0249551664670659,-0.221842347041833,0.00271936379647749,0.0479726542445328,10
4.74412009421912,0.0124337514570858,0.0601989212151394,0.0035741595890411,0.0527947677833002,10
4.74607322684854,-0.056650548502994,-0.0892919948306773,0.0394875380626223,0.0312895989662028,10
4.74802635947797,-0.0568213227944112,0.116908232539841,-5.4239334637966e-05,-0.163283289642147,10
4.74997949210739,0.0621046739321357,-0.115215731175299,-0.107083041193738,0.129881779304175,10
4.75193262473682,0.0639526957285429,0.0439988621414343,-0.0261583877690802,0.0610907464910537,10
4.75388575736624,0.00124803536926148,-0.0849400119322709,0.0338745782778865,-0.062571565695825,10
4.75583888999566,-0.0690133873852295,0.204372770288845,0.0404857960861057,0.00418494818091451,10
4.75779202262509,-0.034943916247505,0.0178444767729084,-0.108099231996086,-0.165135612852883,10
4.75974515525451,0.101577931576846,0.0841803499900398,0.0216922438356164,-0.0976138769284294,10
4.76169828788394,0.0270044579640719,0.0182329382868526,0.0103168844422701,0.0179164327037773,10
4.76365142051336,-0.0219894664271457,-0.118541932888446,0.0560275377690802,0.033724948499006,10
4.76560455314279,-0.0770763735728543,-0.0640055781573705,-0.104799600684932,-0.00320005189860835,10
4.76755768577221,0.103895582674651,0.265173066932271,-0.0426505667318982,-0.148683338827038,10
4.76951081840163,0.0260042085429142,-0.145442892729084,-0.0102819008806262,-0.100413617912525,10
4.77146395103106,-0.0917507644710579,0.10118768064741,0.158357951565558,0.0510456888170974,10
4.77341708366048,0.0441367788423154,-0.0998654316633466,-0.0851572302348337,0.237887405467197,10
4.77537021628991,0.0688502584431138,0.0705902667131474,0.00233679784735812,-0.106954444463221,10
4.77732334891933,-0.00363732918163672,0.23990485939243,0.116443069765166,-0.123522109115308,10
4.77927648154876,-0.134249166706587,0.00537729005976096,0.00182272485322896,-0.0107976136580517,10
4.78122961417818,-0.0697391781237525,-0.0731647722908366,0.00794378003913894,-0.115092520208748,10
4.78318274680761,0.0538099226347305,0.128883772649402,-0.175155869765166,0.215301208677932,10
4.78513587943703,0.179207045189621,-0.170492590667331,0.156738023874755,-0.0580652580815109,10
4.78708901206645,-0.0293876526946108,0.152901619691235,-0.0603442418786693,0.137309291719682,10
4.78904214469588,-0.0999540295409182,-0.0170806412151394,0.0385131904109589,-0.241123376829026,10
4.7909952773253,0.0982173374850299,0.00124988647410359,-0.208678211056751,-0.00727516296222664,10
4.79294840995473,0.10163892239521,0.0117626261952191,-0.00478251536203523,0.146898860079523,10
4.79490154258415,-0.168391826826347,-0.233399077081673,0.0178904947162427,-0.0631120796819085,10
4.79685467521358,-0.0590779830738523,-0.215942587798805,0.00736993111545988,0.190492224035785,10
4.798807807843,0.130859623473054,0.1910618937251,0.015870068297456,-0.0254036376640159,10
4.80076094047242,0.101956074650699,-0.19902023309761,0.0122835125244618,0.129930364831014,10
4.80271407310185,0.0671547136926148,-0.254831227171315,0.148345483365949,0.0202910503280318,10
4.80466720573127,-0.113628171017964,-0.0192293189641434,0.0597456005870842,0.161207297733598,10
4.8066203383607,0.085287283992016,0.0324603412350598,-0.104423012328767,-0.0330315653777336,10
4.80857347099012,0.118978612055888,-0.134335321314741,-0.196932240900196,0.0566876831212724,10
4.81052660361955,-0.00157583952095808,0.0959616593426295,0.124297626908023,0.0273480981013916,10
4.81247973624897,-0.102881588822355,0.189799393804781,-0.040355171037182,-0.157222245168986,10
4.81443286887839,0.163501909461078,0.150267365049801,0.061664407925636,-0.259342949393638,10
4.81638600150782,0.0470094463872255,-0.0769826206075697,-0.0890964639921722,0.12918943554672,10
4.81833913413724,-0.0055280445508982,0.01778984937251,0.180002815655577,0.0066810296222664,10
4.82029226676667,-0.144751785628742,-0.0445339447709163,-0.0347661216242661,0.164535406322068,10
4.82224539939609,0.0115249882634731,0.0674582957569721,-0.0373962625244618,-0.248836329214712,10
4.82419853202552,0.0499126093413174,0.0355801727689243,-0.0966162759295499,0.153549004065606,10
4.82615166465494,0.013946323752495,-0.0837078605677291,0.0508987630136986,0.0115820946421471,10
4.82810479728436,-0.0276677116167665,0.0619773465836653,0.0839428968688846,-0.00202792606361829,10
4.83005792991379,0.022741199760479,0.2139143562251,-0.0646839743639922,-0.233210009145129,10
4.83201106254321,0.0554627738123752,0.0693763244820717,-0.107860128277887,-0.093028617833002,10
4.83396419517264,-0.0140057683033932,0.014518275059761,-0.0954805332681018,0.0585521527137177,10
4.83591732780206,-0.101222638562874,-0.112684661623506,0.151920083953033,0.163909867664016,10
4.83787046043149,-0.101637376127744,-0.0714713228784861,-0.0571163416829746,-0.0291811623757455,10
4.83982359306091,0.0584818193213573,0.0844656264143426,0.0413405918786693,-0.0243043901192843,10
4.84177672569033,0.0356102624351297,-0.0647278737848606,0.0351179176125245,0.0446323992743539,10
4.84372985831976,0.0222105796407186,0.0420444151494024,0.261268191878669,0.011399898916501,10
4.84568299094918,-0.0851820533333333,0.0231494043227092,-0.125906481409002,0.0147765930318091,10
4.84763612357861,0.0589941421956088,-0.0648431982968128,-0.114662629060665,0.0374235217296223,10
4.84958925620803,0.0902397384431138,-0.065328775189243,-0.0995871396281801,0.111042741272366,10
4.85154238883746,-0.0174578486227545,0.0290552332768924,0.0685864605675147,0.0584792744234592,10
4.85349552146688,0.0320605968063872,-0.00988196378486056,0.0204847700587084,-0.0593345549701789,10
4.85544865409631,0.028852479760479,0.0678224784262948,-0.0650605627201566,0.0533413549602386,10
4.85740178672573,0.068947843752495,-0.101310022918327,-0.00202684500978474,0.0683542827534791,10
4.85935491935515,-0.0375726205189621,-0.0592894125896414,-0.00408313698630137,0.0258783859145129,10
4.86130805198458,-0.057004295249501,-0.0519996894920319,0.0161629703522505,0.0460960382703777,10
4.863261184614,-0.0849075946506986,0.0653035482968128,-0.129995154990215,-0.0254400768091451,10
4.86521431724343,-0.0098339963273453,0.0268337189940239,0.0347413292563601,-0.0280576220675944,10
4.86716744987285,0.0237597464271457,0.116416585936255,0.0670083760273973,-0.114126882862823,10
4.86912058250228,-0.0138776875848303,-0.0091657378685259,0.0947324521526419,0.034617707554672,10
4.8710737151317,0.037049645748503,0.0446543909462151,-0.175006429941292,-0.106359271759443,10
4.87302684776112,0.137208767664671,0.00379309544820717,-0.00444777015655577,0.130695586878728,10
4.87497998039055,-0.0371334866267465,-0.0197331049900398,0.0401390956947162,-0.0826434614711729,10
4.87693311301997,-0.0792110522155689,-0.00132367105577689,0.0362835482387476,0.00211399009940358,10
4.8788862456494,-0.0236301194411178,0.0488789099103586,-0.108159007925636,-0.0167675602683897,10
4.88083937827882,0.0579999918562874,-0.0743240871215139,-0.0694002952054795,-0.0826981201888668,10
4.88279251090825,0.147717485668663,-0.0454140528884462,0.113460250880626,0.175910492793241,10
4.88474564353767,-0.0163478157285429,-0.055641516185259,0.108815661154599,-0.10488348638171,10
4.88669877616709,0.0819632843912176,-0.0185373718924303,-0.044025413111546,0.117128078508946,10
4.88865190879652,0.0894102633133732,0.0279080578685259,-0.109270840215264,0.0701215812922465,10
4.89060504142594,0.0809142423153693,-0.256500397739044,0.0454053550880626,0.195205020139165,10
4.89255817405537,-0.0978620444710579,0.0725932713944223,0.102437569471624,-0.115505497186879,10
4.89451130668479,0.0450028484630739,-0.0622089436553785,0.0643423695694716,0.181813634304175,10
4.89646443931422,-0.00561343169660678,0.235212972669323,-0.135775487377691,-0.354552362425447,10
4.89841757194364,0.121027903552894,0.222964295557769,0.109628613796478,0.109864542246521,10
4.90037070457306,-0.0595232160479042,-0.0983115856075697,0.0945471467710372,-0.161236624324056,10
4.90232383720249,-0.0465504689820359,-0.0269257127091633,0.00439308982387476,0.133064131312127,10
4.90427696983191,-0.0321017441117764,0.112355949173307,-0.158053976320939,-0.0420077414612326,10
4.90623010246134,0.0106955131337325,-0.093601489750996,-0.0956718162426615,0.0205582707256461,10
4.90818323509076,-0.0319492670658683,-0.00358160360557769,0.13556538962818,-0.175083499473161,10
4.91013636772019,-0.0841635066666667,-0.396237287958167,-0.0711816179060665,0.497564900039761,10
4.91208950034961,0.0287243990419162,-0.138395958077689,-0.102988390019569,-0.000187749234592447,10
4.91404263297903,-0.00249680087824351,-0.149351786713147,-0.0177180265166341,0.102017979662028,10
4.91599576560846,-0.0280885482634731,0.231832143555777,0.181963466144814,-0.289648171759443,10
4.91794889823788,-0.000758562554890218,-0.061383462938247,-0.0133663388454012,0.0648014661033797,10
4.91990203086731,0.0290964430339321,-0.0595564798804781,-0.0559686438356164,0.0507238097017893,10
4.92185516349673,0.0918011033932136,-0.190880750438247,-0.108063366438356,0.176949008429423,10
4.92380829612616,0.123565121596806,0.0489699555776892,0.112198978767123,0.0517137398111332,10
4.92576142875558,0.0212957173652695,-0.0496628506972112,0.0676121129158513,-0.175648306222664,10
4.92771456138501,0.002077510499002,-0.116551067629482,-0.091063092074364,0.0473167496322068,10
4.92966769401443,-0.068909702994012,-0.0836532331673307,0.0743787481409002,0.157198991769384,10
4.93162082664385,-0.0563211980838323,-0.094900407938247,0.171568431996086,0.0446566920377734,10
4.93357395927328,0.0171910352894212,-0.125946980498008,0.175896209295499,-0.0295941393538767,10
4.9355270919027,0.0203869541716567,0.0869299291434263,-0.0593579390410959,0.133489254671968,10
4.93748022453213,0.0191366423952096,0.0557862412051793,-0.0551556911937378,-0.202856201252485,10
4.93943335716155,0.0838052071057884,0.0899283664541833,0.0532001363013699,-0.0418802044532803,10
4.94138648979098,0.061141019001996,0.0468091384063745,0.0419443287671233,-0.0267275932703777,10
4.9433396224204,-0.0509235106586826,0.00909802299800797,-0.143373008023483,-0.00712333319085487,10
4.94529275504982,-0.0615664084630738,0.0178080585059761,-0.108314425342466,-0.0781067879025845,10
4.94724588767925,0.0101892893413174,0.239018681563745,0.0259004692759296,-0.0589337243737575,10
4.94919902030867,0.0362140715369261,-0.0741237866533865,0.0598950404109589,0.020843710695825,10
4.9511521529381,-0.0245693780439122,-0.0574138718426295,0.0324280007827789,-0.0340761542047714,10
4.95310528556752,-0.0483374999600798,0.0595737409661355,-0.116952047162427,0.169727984502982,10
4.95505841819695,0.0144891420359281,0.0806902660756972,0.163026451663405,-0.237606999324056,10
4.95701155082637,-0.00572321516966067,0.0607148466633466,0.0890238508806262,-0.0195855208250497,10
4.95896468345579,-0.0361027417964072,-0.0890674155179283,0.0484120843444227,-0.0554112736779324,10
4.96091781608522,-0.0558576678642714,-0.0994648307270916,-0.192771836203523,0.218841878946322,10
4.96287094871464,0.0530536364870259,0.143208290976096,0.0222900031311155,-0.0969033135984095,10
4.96482408134407,0.114172535568862,0.119487859780877,0.170827210469667,-0.106037392644135,10
4.96677721397349,-0.0605722581237525,0.153520730229084,0.0130785323874755,-0.206779482544732,10
4.96873034660292,-0.079381826506986,0.0144757870816733,-0.0798072845401174,0.0533170621968191,10
4.97068347923234,0.0972475834730539,-0.0420332237749004,-0.0321539135029354,-0.085929057723658,10
4.97263661186177,0.0065603356487026,-0.00672571398406374,0.0830103923679061,0.0775976792345924,10
4.97458974449119,-0.138286758882236,-0.00472877901394422,0.105581783365949,-0.0650555007554672,10
4.97654287712061,-0.0424274896606786,-0.0141914587051793,-0.0490465911937378,0.0250038464314115,10
4.97849600975004,0.0624157271057884,0.132118928695219,-0.02016883962818,-0.121912713538767,10
4.98044914237946,0.0861960471856287,0.0882713353087649,0.0918930954990215,0.164085990198807,10
4.98240227500889,-0.00296643017964071,-0.189794272141434,0.0741097564579256,-0.107865423091451,10
4.98435540763831,-0.00526578403193612,0.0606177312848606,-0.139218580919765,0.20954989693837,10
4.98630854026774,0.030883474011976,-0.00472270930278884,-0.0374022401174168,-0.0734607968986083,10
4.98826167289716,0.0120434102195609,-0.0879991463545817,0.0324817991193738,0.0943839787574553,10
4.99021480552658,0.0167458023153693,-0.0547796172011952,0.0695129874755382,-0.0724344276441352,10
4.99216793815601,0.00471231385229541,0.0337713988446215,-0.0291950049902153,0.157101820715706,10
4.99412107078543,0.0283523550499002,0.117575900766932,0.00304215381604697,-0.431997692206759,10
4.99607420341486,-0.0526983434730539,0.0494737416035857,-0.064199789334638,0.318011012415507,10
4.99802733604428,-0.04174439249501,-0.077868798436255,0.196297734050881,-0.279275161779324,10
4.99998046867371,-0.0163356175648703,-0.0703666354482072,-0.0493992691780822,0.309138080576541,10
